Ma Biao,2013-,Vice-Chairman,CPPCC,National Committee
Ma Biao,2012-2017,Member,CPC,Central Committee
Ma Biao,2008-2013,Chairman,Autonomous Region People's Government,Guangxi Zhuang Autonomous Region
Ma Biao,2008-2013,Deputy Secretary,CPC,Autonomous Regional Committee,Guangxi Zhuang Autonomous Region
Ma Biao,2007-2012,Alternate Member,CPC,Central Committee
Ma Biao,2005-2008,Member,CPC,Autonomous Regional Committee,Standing Committee,Guangxi Zhuang Autonomous Region
Ma Biao,2005-2008,Secretary,CPC,Autonomous City Committee,Guangxi Zhuang Autonomous Region,Nanning City
Ma Biao,2004-2008,Vice-Chairman,Autonomous Region People's Government,Guangxi Zhuang Autonomous Region
Ma Biao,2002-2004,Secretary,CPC,Autonomous County Committee,Guangxi Zhuang Autonomous Region,Baise County
Ma Biao,1994-1994,Deputy Secretary,CPC,Autonomous City Committee,Guangxi Zhuang Autonomous Region,Beihai City
Ma Biao,1992-1994,Director,Chinese Academy of Social Sciences,Nationalities Research Institute,Economics Department
Ma Biao,1991-1992,Associate Researcher,Chinese Academy of Social Sciences,Nationalities Research Institute
Ma Biao,1978-1982,Student,Central University for Nationalities,Beijing Municipality
Ma Canrong,2001-,Ambassador,Chinese Embassy,Germany,Berlin
Ma Canrong,1999-2001,Assistant Minister,Ministry of Foreign Affairs
Ma Canrong,1996-1999,Director-General,Ministry of Foreign Affairs,West European Affairs Department
Ma Canrong,1993-1996,Deputy Director-General,Ministry of Foreign Affairs,West European Affairs Department
Ma Canrong,1993-1996,Counselor,Ministry of Foreign Affairs,West European Affairs Department
Ma Canrong,1987-1993,Counselor,Chinese Embassy,Germany,Berlin
Ma Canrong,1981-1987,Section Chief,Ministry of Foreign Affairs,West European Affairs Department
Ma Canrong,1981-1987,Deputy Section Chief,Ministry of Foreign Affairs,West European Affairs Department
Ma Canrong,1981-1987,Attach,Ministry of Foreign Affairs,West European Affairs Department
Ma Canrong,1973-1981,Attach,Chinese Embassy,Germany,Berlin
Ma Canrong,1973-1981,Staff Member,Chinese Embassy,Germany,Berlin
Ma Canrong,1972-1973,Staff Member,Ministry of Foreign Affairs,West European Affairs Department
Ma Canrong,,Graduate,Nanjing University,Jiangsu Province,Nanjing City
Ma Chunlin,1998-,Deputy General Manager,Hangang Group,Hebei Province
Ma Chunlin,,Deputy General Manager,Guizhou Shuicheng Steel and Iron Company,Guizhou Province
Ma Chunlin,1997-????,Director,Guizhou Shuicheng Steel and Iron Company,Steel Mill,Guizhou Province
Ma Chunlin,,Deputy Factory Director,Hangang Group,1st Steel Mill,Hebei Province
Ma Chunlin,,Deputy Secretary,Hangang Group,1st Steel Mill,CPC,Party Committee,Hebei Province
Ma Chunlin,,Factory Director Assistant,Hangang Group,1st Steel Mill,Hebei Province
Ma Chunlin,,Chief Dispatcher,Hangang Group,1st Steel Mill,Hebei Province
Ma Chunlin,,Director,Hangang Group,1st Steel Mill,Convertor Section,Hebei Province
Ma Chunlin,,Deputy Chairman,Hangang Group,1st Steel Mill,Administrative Office,Hebei Province
Ma Chunlin,1983,Graduate,Hebei Mining and Metallurgy College,Steel-Making Department,Hebei Province
Ma Chunlin,1982,Graduate,Hebei Mining and Metallurgy College,Steel-Making Department,Hebei Province
Ma Dayou,1997-,Honorary Vice-Chairman,China Democratic League,Central Committee
Ma Dayou,1993-1998,Member,CPPCC,National Committee,Standing Committee
Ma Dayou,1992-1997,Vice-Chairman,China Democratic League,Central Committee
Ma Dayou,1988-1993,Member,CPPCC,National Committee,Standing Committee
Ma Dayou,,Vice-President,Chinese Society of Electronics
Ma Dayou,1983-1988,Member,CPPCC,National Committee
Ma Dayou,,President,Acoustics Society of China
Ma Dayou,,Vice-President,Acoustics Society of China
Ma Dayou,1978-1983,Member,CPPCC,National Committee
Ma Dayou,1975-1978,Deputy,NPC
Ma Dayou,,Executive Council Member,China Physics Society
Ma Dayou,,Vice-President,Chinese Academy of Sciences,Graduate School
Ma Dayou,,Vice-President,Chinese Academy of Sciences,Physics Research Institute
Ma Dayou,,Senior Research Fellow,Chinese Academy of Sciences,Physics Research Institute
Ma Dayou,,Deputy Director,Chinese Academy of Sciences,Division of Mathematics and Physics
Ma Dayou,1959-1964,Member,CPPCC,National Committee
Ma Dayou,1955-????,Researcher,Chinese Academy of Sciences,Institute of Applied Physics
Ma Dayou,1955-,Academician,Chinese Academy of Sciences
Ma Dayou,1954-1959,Member,CPPCC,National Committee
Ma Dayou,1952-????,Professor,Harbin Polytechnical University,Heilongjiang Province,Harbin City
Ma Dayou,1952,Dean of Studies,Harbin Polytechnical University,Heilongjiang Province,Harbin City
Ma Dayou,1949-????,Professor,Southwest Associated University
Ma Dayou,1946-????,Professor,Beijing University,Physics Department,Beijing Municipality
Ma Dayou,1940,Graduate,Harvard University,Physics Department,USA,Massachusetts,Cambridge
Ma Dayou,1936,Graduate,Beijing University,Physics Department,Beijing Municipality
Ma Delun,2008-2011,Vice-Governor,People's Bank of China
Ma Delun,2001-2008,Deputy Director,State Administration of Foreign Exchange
Ma Delun,1992-????,Deputy Director,People's Bank of China,Policy Research Office
Ma Delun,1992-????,Director,People's Bank of China,Head Office
Ma Delun,1992-,Spokesman,People's Bank of China
Ma Delun,1992-????,Director,People's Bank of China,Accounting and Financial Affairs Department
Ma Fei,1997-,vice-p,Jilin University
Ma Fei,1982,Graduate,Jilin University of Technology
Ma Fei,1982-????,Teacher,Jilin University
Ma Fucai,2002-2007,Alternate Member,CPC,Central Committee
Ma Fucai,1998-,General Executive,China National Petroleum Corporation (CNPC)
Ma Fucai,1998-,Concurrent Chief Executive,PetroChina Company Ltd.
Ma Fucai,1997-1998,Concurrent Director,China National Petroleum Corporation,Daqing Petroleum Authority,Heilongjiang Province,Daqing City
Ma Fucai,1996-1996,Assistant Chief Manager,China National Petroleum Corporation (CNPC)
Ma Fucai,1996-1998,Deputy General Manager,China National Petroleum Corporation (CNPC)
Ma Fucai,1990-1996,Deputy Director,China National Petroleum Corporation,Shengli Petroleum Authority,Shandong Province,Shengli
Ma Fucai,1989-1990,Deputy Director,China National Petroleum Corporation,Shengli Petroleum Authority,Management Bureau,Shandong Province,Shengli
Ma Fucai,1987-1989,Deputy Chief Engineer,China National Petroleum Corporation,Shengli Petroleum Authority,Management Bureau,Shandong Province,Shengli
Ma Fucai,1983-1987,Manager,China National Petroleum Corporation,Shengli Petroleum Authority,Binnan Exploration Factory,Shandong Province,Shengli
Ma Fucai,1975-1983,Deputy Director,China National Petroleum Corporation,Shengli Petroleum Authority,Binnan Headquarters,Shandong Province,Shengli
Ma Fucai,1975,Joined,CPC
Ma Fucai,1972-1975,Engineer,China National Petroleum Corporation,Shengli Petroleum Authority,Binnan Headquarters,Shandong Province,Shengli
Ma Fucai,1970-1972,Intern,China National Petroleum Corporation,Shengli Petroleum Authority,Binnan Headquarters,Shandong Province,Shengli
Ma Fucai,1965-1970,Student,Beijing Petroleum Institute,Beijing Municipality
Ma Fuquan,1969-1973,Member,CPC,Central Committee
Ma Guichuan,1998-,Member,China Ocean Shipping Group,CPC,Party Committee
Ma Guichuan,1998-,Chairman,China Ocean Shipping Group,Union Organization
Ma Guichuan,1994-1999,Director,China Ocean Shipping Group,Operation Management Department,Shandong Province,Qingdao City
Ma Guichuan,1989-1994,Head,China Ocean Shipping Group,Qingdao Marine College,Shandong Province,Qingdao City
Ma Guichuan,1985-1989,Secretary,China Ocean Shipping Group,Safety and Maintenance Department,CPC,Party Committee,Shandong Province,Qingdao City
Ma Guofu,,Vice-President,China World Best Group Company
Ma Guofu,,Deputy Secretary,China World Best Group Company,CPC,Party Committee
Ma Guofu,,Deputy Director,Ministry of Light Industry,China Textile Industry Department,Economic Research Center
Ma Guofu,,Director,Ministry of Light Industry,China Textile Industry Department,Production Department
Ma Guofu,,Deputy Director,Ministry of Light Industry,China Textile Industry Department,Production Department,Sichuan Province
Ma Guofu,,Member,Ministry of Light Industry,Light Industry Department,General Office and Textile Bureau,CPC,Party Committee
Ma Guofu,,Member,Ministry of Light Industry,2nd Light Industry Department,Production Technique Department,CPC,Party Committee
Ma Guofu,,Joined,CPC
Ma Guofu,,Graduate,Chengdu Textile Technical School,Cotton Spinning Department,Sichuan Province,Chengdu City
Ma Hao,2004-,Professor,Beijing University,China Center for Economic Research,Beijing Municipality
Ma Hao,2000-2005,Associate Professor,Bryant University,USA,Rhode Island,Smithfield
Ma Hao,1994-2000,Assistant Professor,Bryant University,USA,Rhode Island,Smithfield
Ma Hong,1982-1987,Alternate Member,CPC,Central Committee
Ma Hui,1977-1982,Member,CPC,Central Committee
Ma Jiantang,2015-,Vice-President,Chinese Academy of Governance
Ma Jiantang,2014-2017,Member,CPC,Central Committee
Ma Jiantang,2012-2017,Alternate Member,CPC,Central Committee
Ma Jiantang,2008-2015,Director,National Bureau of Statistics
Ma Jiantang,2003-2008,Deputy Secretary,State-Owned Assets Supervision and Administration Commission
Ma Jiantang,,Professor,Renmin University of China,Beijing,Haidian District
Ma Jiantang,,Professor,Shandong University,Shandong Province
Ma Jiantang,,Professor,Beijing Normal University,Beijing Municipality
Ma Jiantang,,Member,Beijing Youth Federation
Ma Jiantang,,Standing Director,China Market Society
Ma Jiantang,,Consulate,People's Government,Beijing Municipality
Ma Jiantang,1996-2003,Researcher,State Economic and Trade Commission,General Department
Ma Jiantang,1996-2001,Director,State Economic and Trade Commission,General Department
Ma Jiantang,1988-1996,Worker,Development Research Center of the State Council
Ma Jiantang,1986-1988,Graduate,Chinese Academy of Social Sciences
Ma Jiantang,1982-1985,Graduate Student,Nankai University,Tianjin Municipality
Ma Jiantang,1978-1982,Student,Shandong University,Economics Department,Shandong Province
Ma Jinhua,1977-1982,Alternate Member,CPC,Central Committee
Ma Jinhua,1973-1977,Alternate Member,CPC,Central Committee
Ma Jinquan,2004-,Executive Director,IRICO Electronics Group Corporation
Ma Jinquan,2004-,Chairman,IRICO Electronics Group Corporation
Ma Jinquan,2001-2004,Vice-Chairman,IRICO Electronics Group Corporation
Ma Jinquan,2000-2001,Executive Manager,Shaanxi Color Picture Tube Plant
Ma Jinquan,1998-2000,Director,IRICO Electronics Group Corporation
Ma Junqing,2015-,Deputy Secretary,CPC,Provincial Committee,Jilin Province
Ma Junsheng,2008-,Secretary,State Post Bureau,CPC,Leading Party Group
Ma Junsheng,2008-,Member,Ministry of Transport,CPC,Leading Party Group
Ma Junsheng,2006-,Director,State Post Bureau
Ma Junsheng,2006-2008,Member,Ministry of Industry and Information Technology,CPC,Leading Party Group
Ma Junsheng,1998-2008,Member,State Post Bureau,CPC,Leading Party Group
Ma Junsheng,1998-2006,Deputy Director,State Post Bureau
Ma Junsheng,1997-1998,Deputy Director,Ministry of Posts and Telecommunications,Construction Planning Department
Ma Junsheng,1996-1997,Deputy Director,Posts and Telecommunications Administration,Guangxi Zhuang Autonomous Region
Ma Kai,2017-,Director,Financial Stability and Development Committee of the State Council
Ma Kai,2015-,Director,National Construction Leading Group for Manufacturing Powerful Country
Ma Kai,2013-,Director,State Council Safety Production Committee
Ma Kai,2013-,Director,State Council Leading Group for Promoting Medium and Small Enterprise Development
Ma Kai,2013-,Director,State Council Leading Group for Migrant Workers
Ma Kai,2013-,Vice-Premier,State Council
Ma Kai,2013-,Member,State Council,CPC,Leading Party Group
Ma Kai,2012-2017,Member,CPC,Central Committee
Ma Kai,2012-2017,Member,CPC,Central Committee,Politburo
Ma Kai,2008-2013,State Councilor,State Council
Ma Kai,2008-,President,Chinese Academy of Governance
Ma Kai,2008-2013,Secretary-General,State Council
Ma Kai,2007-2012,Member,CPC,Central Committee
Ma Kai,2003-2008,Minister,National Development and Reform Commission
Ma Kai,2003-2005,Secretary,Energy Development Office,CPC,Leading Party Group
Ma Kai,2003-2003,Secretary,Western Region Development Office,CPC,Leading Party Group
Ma Kai,2003-2008,Director,Western Region Development Office
Ma Kai,2003-2008,Director,State Energy Commission,General Office
Ma Kai,2003-2008,Secretary,National Development and Reform Commission,CPC,Leading Party Group
Ma Kai,2002-2007,Member,CPC,Central Committee
Ma Kai,1998-2003,Deputy Group Leader,5th National Census Leading Group
Ma Kai,1998-2003,Vice-Minister,National Afforestation Committee
Ma Kai,1998-2003,Deputy Commander,State Flood Control and Drought Relief Headquarters
Ma Kai,1998-2003,Deputy Secretary-General,State Council
Ma Kai,1997-2002,Member,CPC,Central Committee,Central Commission for Discipline Inspection
Ma Kai,1995-1998,Vice-Minister,National Development and Reform Commission
Ma Kai,1994,Deputy Chairman,China Youth Research Society
Ma Kai,1993-1995,Vice-Minister,State Commission for Restructuring the Economy
Ma Kai,1993-1995,Member,State Commission for Restructuring the Economy,CPC,Leading Party Group
Ma Kai,1992-1992,Student,CPC,Central Committee,Central Party School
Ma Kai,1988-1993,Deputy Chief,National Price Bureau
Ma Kai,1988-1993,Member,National Price Bureau,CPC,Leading Party Group
Ma Kai,1986-1988,Secretary,Pricing Bureau,CPC,Party Committee,Beijing Municipality
Ma Kai,1986-1988,Chief,Pricing Bureau,Beijing Municipality
Ma Kai,1985-1986,Director,Economic System Reform Office,Beijing Municipality
Ma Kai,1984-1985,Deputy Head,People's Government,Beijing,Xicheng District
Ma Kai,1983-1984,Director,Planning Commission,Beijing,Xicheng District
Ma Kai,1982-1983,Assistant Researcher,Price Research Center of the State Council
Ma Kai,1978-1982,Student,People's University of China,Political Economy Department,Beijing Municipality
Ma Kai,1973-1979,Teacher,CPC,District Committee,Party School,Beijing,Xicheng District
Ma Kai,1970-1973,Worker,Cultural Revolution,May 7th Cadre School,Beijing,Xicheng District
Ma Kai,1965-1970,Teacher,Beijing Municipality
Ma Kai,1965,Joined,CPC
Ma Kaiming,2001-,Vice-Governor,People's Government,Sichuan Province
Ma Kaiming,1999-2001,Assistant to Governor,People's Government,Sichuan Province
Ma Kaiming,1990-1999,Deputy Secretary,CPC,Prefectural Committee,Sichuan Province,Liangshan Autonomous Prefecture
Ma Kaiming,1988-1989,Secretary,CPC,County Committee,Sichuan Province,Butuo County
Ma Kaiming,1986-1988,Secretary,CPC,County Committee,Sichuan Province,Meigu County
Ma Kaiming,1980-1986,Deputy Secretary,CPC,County Committee,Sichuan Province,Meigu County
Ma Kaiming,1980-1986,Magistrate,County (District) People's Court,Sichuan Province,Meigu County
Ma Kaiming,1980-1986,Deputy Magistrate,County (District) People's Court,Sichuan Province,Meigu County
Ma Kaiming,1980-1986,Deputy Director,Leather Committee,Sichuan Province,Meigu County
Ma Kaiming,1968-1980,Teacher,Sichuan Province,Meigu County
Ma Kaiming,1966,Joined,CPC
Ma Kaiming,1963-1966,Student,Central University for Nationalities,Beijing Municipality
Ma Li,1977-1982,Member,CPC,Central Committee
Ma Lixin,1973-1977,Alternate Member,CPC,Central Committee
Ma Man Kei,2008-2013,Vice-Chairman,CPPCC,National Committee
Ma Man Kei,2003-2008,Vice-Chairman,CPPCC,National Committee
Ma Man Kei,,Chairman,China Products Co., Ltd.
Ma Man Kei,2000-????,Chairman,Macao Chinese General Chamber of Commerce
Ma Man Kei,1999,Member,Macao SAR Preparatory Committee,Government Delegation, Macao Hand-Over Ceremony
Ma Man Kei,1998-1999,Vice-Chairman,Macao SAR Preparatory Committee
Ma Man Kei,1998-2003,Vice-Chairman,CPPCC,National Committee
Ma Man Kei,1993-1998,Vice-Chairman,CPPCC,National Committee
Ma Man Kei,1988-1993,Member,Standing Committee of the NPC
Ma Man Kei,1988-????,Vice-Chairman,Committee for Drafting the Basic Law of the Macao SAR
Ma Man Kei,1983-1988,Member,CPPCC,National Committee,Standing Committee
Ma Man Kei,1978-1983,Member,CPPCC,National Committee
Ma Ming,2012-,Vice-Governor,People's Government,Jilin Province
Ma Ming,2011-2012,Secretary,Political and Law Committee,Jilin Province
Ma Ming,2011-2012,Secretary,Public Security Department,CPC,Party Committee,Jilin Province
Ma Ming,2011-2012,Director,Public Security Department,Jilin Province
Ma Ming,2008-2011,Secretary,CPC,City Committee,Jilin Province,Liaoyuan City
Ma Ming,2006-2008,Secretary,Commerce Department,CPC,Leading Party Group,Jilin Province
Ma Ming,2006-2008,Director,Commerce Department,Jilin Province
Ma Ming,2003-2006,Deputy Director,Finance Department,Jilin Province
Ma Ming,2002-2003,Executive Vice-Mayor,People's Government,Jilin Province,Songyuan City
Ma Ming,2000-2002,Vice-Mayor,People's Government,Jilin Province,Songyuan City
Ma Ming,1998-2000,Deputy Director,Foreign Economics and Trade Department,Jilin Province
Ma Ming,1996-1998,Deputy Director,Finance Department,Jilin Province
Ma Ming,1995-1996,Deputy Director,State-Owned Property Management and Supervision Committee,Jilin Province
Ma Ming,1994-1996,Deputy Secretary,CPC,Provincial Committee,Jilin Province,Changling County
Ma Ming,1978-1982,Student,Jilin University of Finance and Economics,Jilin Province,Changchun City
Ma Ming,1975-1978,Cultural Revolution,Cultural Revolution,Rusticated Youth,Jilin Province,Dehui City
Ma Mingfang,1956-1969,Member,CPC,Central Committee
Ma Ning,1973-1977,Member,CPC,Central Committee
Ma Peihua,2013-,Vice-Chairman,CPPCC,National Committee
Ma Qingsheng,2003-,Chairman,CPPCC,Autonomous Regional Committee,Guangxi Zhuang Autonomous Region
Ma Qingsheng,2002-2007,Member,CPC,Central Committee
Ma Qingsheng,1997-2002,Alternate Member,CPC,Central Committee
Ma Qingsheng,1994-1995,President,CPC,Autonomous Regional Committee,Party School,Guangxi Zhuang Autonomous Region
Ma Qingsheng,1994-2003,Deputy Secretary,CPC,Autonomous Regional Committee,Guangxi Zhuang Autonomous Region
Ma Qingsheng,1992-,Member,CPC,Autonomous Regional Committee,Standing Committee,Guangxi Zhuang Autonomous Region
Ma Qingsheng,1992-1994,Head,CPC,Autonomous Regional Committee,Organization Department,Guangxi Zhuang Autonomous Region
Ma Qingsheng,1989-1992,President,Guangxi Agricultural College,Guangxi Zhuang Autonomous Region
Ma Qingsheng,1987-1989,Vice-President,Guangxi Agricultural College,Guangxi Zhuang Autonomous Region
Ma Qingsheng,1983-1987,Member,Guangxi Agricultural College,CPC,Party Committee,Guangxi Zhuang Autonomous Region
Ma Qingsheng,1983-1987,Laboratory Director,Guangxi Agricultural College,Guangxi Zhuang Autonomous Region
Ma Qingsheng,1979,Joined,CPC
Ma Qingsheng,1970-1980,Lecturer,Guangxi Agricultural College,Guangxi Zhuang Autonomous Region
Ma Qingsheng,1965-1970,Teacher,Guangxi Labor University,Horticulture Department,Guangxi Zhuang Autonomous Region
Ma Qingsheng,1965,Graduate,Fudan University,Biology Department,Shanghai Municipality
Ma Qinrong,2004-,Secretary,Shanghai University of Finance and Economics,CPC,Party Committee,Shanghai Municipality
Ma Qinrong,1997-2004,Vice-President,East China Normal University,School Affairs Committee,Shanghai Municipality
Ma Qinrong,1993-1997,Director,East China Normal University,School Affairs Committee,Shanghai Municipality
Ma Qinrong,1991-1993,Deputy Secretary,East China Normal University,Philosophy Department,CPC,Party Committee,Shanghai Municipality
Ma Qinrong,1988-1991,Deputy Director,East China Normal University,Philosophy Department,Shanghai Municipality
Ma Qinrong,1982-1988,Teacher,East China Normal University,Shanghai Municipality
Ma Qinrong,1979-1982,Graduate Student,East China Normal University,Shanghai Municipality
Ma Qiulin,2016-,Vice-Governor,People's Government,Jiangsu Province
Ma Qizhi,2008-2013,Chairman,Nationalities Committee of the NPC
Ma Qizhi,2002-2007,Member,CPC,Central Committee
Ma Qizhi,1998-2008,Chairman,Autonomous Region People's Government,Ningxia Hui Autonomous Region
Ma Qizhi,1997-2002,Alternate Member,CPC,Central Committee
Ma Qizhi,1997-1998,Vice-Chairman,Autonomous Region People's Government,Ningxia Hui Autonomous Region
Ma Qizhi,1993-,Deputy Secretary,CPC,Autonomous Regional Committee,Ningxia Hui Autonomous Region
Ma Qizhi,1992-1997,Alternate Member,CPC,Central Committee
Ma Qizhi,1991-1997,Head,CPC,Autonomous Regional Committee,Publicity Department,Ningxia Hui Autonomous Region
Ma Qizhi,1991-1993,Member,CPC,Autonomous Regional Committee,Standing Committee,Ningxia Hui Autonomous Region
Ma Qizhi,1988-1991,Commissioner,Prefectural Administrative Office,Ningxia Hui Autonomous Region,Yinnan Prefecture
Ma Qizhi,1988-1991,Deputy Secretary,CPC,Autonomous Prefectural Committee,Ningxia Hui Autonomous Region,Yinnan Prefecture
Ma Qizhi,1986-1987,Student,CPC,Central Committee,Central Party School
Ma Qizhi,1985-1988,Deputy Director,CPC,Autonomous Regional Committee,Organization Department,Ningxia Hui Autonomous Region
Ma Qizhi,1983-1985,Deputy Secretary,CPC,Autonomous Prefectural Committee,Ningxia Hui Autonomous Region,Guyuan County
Ma Qizhi,1982-1983,Deputy Secretary,CYLC,Autonomous Regional-Level,Ningxia Hui Autonomous Region
Ma Qizhi,1973-1982,Deputy Director,CYLC,Autonomous Regional-Level,General Office,CYLC,Autonomous Regional-Level,Ningxia Hui Autonomous Region
Ma Qizhi,1973-1982,General Secretary,CYLC,Autonomous Regional-Level,Ningxia Hui Autonomous Region
Ma Qizhi,1972,Joined,CPC
Ma Qizhi,1970-1973,Teacher,Ningxia Hui Autonomous Region
Ma Qizhi,1969-1970,Teacher,Anshan Iron and Steel Works,Yucheng Middle School
Ma Qizhi,1967,Graduate,Central University for Nationalities,History Department,Beijing Municipality
Ma Rupei,,Deputy Director,Overseas Chinese Affairs Office of the State Council
Ma Shang,2002-,Vice-President,Northeast Normal University,Jilin Province
Ma Shang,,Joined,CPC
Ma Shang,1980-1984,Graduate,Northeast Normal University,Chinese Department,Jilin Province
Ma Shengrong,2000-2007,Executive Deputy Editor-in-Chief,Xinhua News Agency
Ma Shengrong,2000-2007,Vice-President,Xinhua News Agency
Ma Shengrong,,Deputy Editor-in-Chief,Xinhua News Agency
Ma Shengrong,1995-????,Chief Correspondent,Xinhua News Agency,Colombo Bureau
Ma Shengrong,1995-????,Chief Correspondent,Xinhua News Agency,Bangkok Bureau,Thailand,Bangkok
Ma Shengrong,,Deputy Director,Xinhua News Agency,International Department,English Editorial Office
Ma Shengrong,,Head,Xinhua News Agency,International Department,English Editorial Office
Ma Shengrong,,Editor,Xinhua News Agency,International Department
Ma Shengrong,,Graduate Student,University of London,Political Economy College,United Kingdom,London
Ma Shengrong,1969,Graduate,Shanghai University of Foreign Languages,English Department,Shanghai Municipality
Ma Shujie,2004-,Vice-Governor,People's Government,Heilongjiang Province
Ma Shujie,2004-,Member,People's Government,CPC,Leading Party Group,Heilongjiang Province
Ma Shujie,1993-????,Vice-Governor,People's Government,Heilongjiang Province
Ma Shujie,1992-1993,Member,People's Government,CPC,Leading Party Group,Heilongjiang Province
Ma Shujie,1992-1993,Assistant to Governor,People's Government,Heilongjiang Province
Ma Shujie,1990-1992,Member,CPC,City Committee,Standing Committee,Heilongjiang Province,Harbin City
Ma Shujie,1990-1992,Vice-Mayor,People's Government,Heilongjiang Province,Harbin City
Ma Shujie,1988-1990,Member,CPC,Provincial Committee,Standing Committee,Heilongjiang Province
Ma Shujie,1988-1993,Member,Standing Committee of the NPC
Ma Shujie,1988-1990,Chief,CPC,Provincial Committee,Veteran Cadre Office,Heilongjiang Province
Ma Shujie,1988-1993,Member,CPPCC,National Committee,Standing Committee
Ma Shujie,1986-1988,Vice-Minister,CPC,Provincial Committee,Organization Department,Heilongjiang Province
Ma Shujie,1985-1986,Member,Provincial Education Commission,CPC,Leading Party Group,Heilongjiang Province
Ma Shujie,1985-1986,Deputy Director,Provincial Education Commission,Heilongjiang Province
Ma Shujie,1983-1985,Member,Higher Education Bureau,CPC,Leading Party Group,Heilongjiang Province
Ma Shujie,1983-1985,Deputy Bureau Director,Higher Education Bureau,Heilongjiang Province
Ma Shujie,1982-1983,Secretary,Harbin University of Science and Technology,CPC,Party Branch,Heilongjiang Province,Harbin City
Ma Shujie,1978-1982,Deputy Secretary,Harbin University of Science and Technology,CPC,Party Branch,Heilongjiang Province,Harbin City
Ma Shujie,1978-1983,Member,Harbin University of Science and Technology,CPC,Party Committee,Standing Committee,Heilongjiang Province,Harbin City
Ma Shujie,1975,Worker,Cultural Revolution,May 7th Cadre School,Jilin Province,Liuhe County
Ma Shujie,1975-1978,Member,Harbin Technological University,CPC,Party Committee,Standing Committee,Heilongjiang Province,Harbin City
Ma Shujie,1971-1975,Secretary,Harbin Technological University,CPC,Party Branch,Heilongjiang Province,Harbin City
Ma Shujie,1971-1975,Teacher,Harbin Technological University,Heilongjiang Province,Harbin City
Ma Shujie,1966-????,Member,CPC,County Committee,Socialist Education Work Team,Heilongjiang Province,Mishan
Ma Shujie,1965-1966,Teacher,Heilongjiang Science and Technology College,Heilongjiang Province
Ma Shujie,,Graduate,Heilongjiang Science and Technology College,Heilongjiang Province
Ma Shujie,1964,Joined,CPC
Ma Shunqing,2017-,Vice-Chairman,Autonomous Region People's Government,Ningxia Hui Autonomous Region
Ma Shunqing,2012-2017,Alternate Member,CPC,Central Committee
Ma Sizhong,1998-,Chairman,Autonomous Regional People's Congress,Ningxia Hui Autonomous Region
Ma Sizhong,1993-1998,Member,Ethnic Affairs Committee of the NPC
Ma Sizhong,1993-1998,Deputy,NPC
Ma Sizhong,1992-1997,Delegate,CPC,National Congress
Ma Sizhong,1988-1993,Deputy,NPC
Ma Sizhong,1988-????,Chairman,Autonomous Regional People's Congress,Standing Committee,Ningxia Hui Autonomous Region
Ma Sizhong,1987-1992,Alternate Member,CPC,Central Committee
Ma Sizhong,1982-1987,Alternate Member,CPC,Central Committee
Ma Sizhong,1977-1982,Alternate Member,CPC,Central Committee
Ma Sizhong,1964-1975,Deputy,NPC
Ma Sizhong,1947,Joined,CPC
Ma Tianshui,1973-1977,Member,CPC,Central Committee
Ma Tianshui,1969-1973,Alternate Member,CPC,Central Committee
Ma Tieshan,2008-,Chairman,CPPCC,Autonomous Regional Committee,Guangxi Zhuang Autonomous Region
Ma Tieshan,2007-2012,Delegate,CPC,National Congress
Ma Tieshan,2006-,Member,CPC,Autonomous Regional Committee,Standing Committee,Guangxi Zhuang Autonomous Region
Ma Tieshan,2002-2007,Member,CPC,Central Committee,Central Commission for Discipline Inspection
Ma Tieshan,2001-,Secretary,CPC,Autonomous Regional Committee,Commission for Discipline Inspection,Guangxi Zhuang Autonomous Region
Ma Tieshan,2001-2006,Deputy Secretary,CPC,Autonomous Regional Committee,Guangxi Zhuang Autonomous Region
Ma Tieshan,2000-2001,Secretary,CPC,Provincial Committee,Commission for Discipline Inspection,Shaanxi Province
Ma Tieshan,2000-2001,Member,CPC,Provincial Committee,Standing Committee,Shaanxi Province
Ma Tieshan,1999-2000,Secretary,CPC,Prefectural Committee,Shaanxi Province,Yulin Prefecture
Ma Tieshan,1998-2003,Member,NPC
Ma Tieshan,1997-1998,Student,CPC,Central Committee,Central Party School,Middle Age and Youth Class
Ma Tieshan,1997-2000,Student,CPC,Central Committee,Central Party School,Postgraduate Department
Ma Tieshan,1995-1999,Administrative Commissioner,Prefectural Administrative Office,Shaanxi Province,Yulin Prefecture
Ma Tieshan,1995-1999,Deputy Secretary,CPC,Prefectural Committee,Shaanxi Province,Yulin Prefecture
Ma Tieshan,1992-1995,Deputy Director,Economic System Reform Committee,Shaanxi Province
Ma Tieshan,1988-1992,Deputy Commissioner,Prefectural Administrative Office,Shaanxi Province,Shangluo Prefecture
Ma Tieshan,1987-1988,Member,CPC,City Committee,Standing Committee,Shaanxi Province,Xianyang City
Ma Tieshan,1984-1984,Director,Xianyang Paper Manufacturing Plant,Shaanxi Province,Xianyang City
Ma Tieshan,1984-1987,Secretary,CPC,District Committee,Shaanxi Province,Xianyang City,Qindu District
Ma Tieshan,1982-1984,Student,CPC,Provincial Committee,Party School,Shaanxi Province
Ma Tieshan,1979,Joined,CPC
Ma Tieshan,1979-1982,Director,Xianyang Paper Manufacturing Plant,Office,Shaanxi Province,Xianyang City
Ma Tieshan,1979-1982,Director,Xianyang Paper Manufacturing Plant,CPC,Party Committee,General Office,Shaanxi Province,Xianyang City
Ma Tieshan,1977-1979,Deputy Secretary,Xianyang Paper Manufacturing Plant,CYLC,Institutional Level,Shaanxi Province,Xianyang City
Ma Tieshan,1970-1974,Staff Member,Xianyang Paper Manufacturing Plant,Marketing and Supply Department,Shaanxi Province,Xianyang City
Ma Tieshan,1964-1970,Educated Youth,Shaanxi Province,Xianyang City
Ma Wanqi,1993-1998,Vice-Chairman,CPPCC,National Committee
Ma Weihua,2000-,President,China Merchants Bank,Head Office
Ma Weihua,2000-,Secretary,China Merchants Bank,Head Office,CPC,Party Committee
Ma Weihua,1982-1987,Alternate Member,CPC,Central Committee
Ma Weihua,1978-????,Student,Jilin University,Economics Department,Jilin Province,Jilin City
Ma Wen,2007-2012,Deputy Secretary,CPC,Central Committee,Central Commission for Discipline Inspection
Ma Wen,2007-2012,Director,CPC,Central Committee,Office for Rectification of Sector Malpractices
Ma Wen,2007-2012,Member,CPC,Central Committee,Public Security Commission
Ma Wen,2007-2013,Director,National Bureau of Corruption Prevention
Ma Wen,2007-2013,Minister,Ministry of Supervision
Ma Wen,2007-2012,Member,CPC,Central Committee
Ma Wen,2004-2007,Deputy Secretary,CPC,Central Committee,Central Commission for Discipline Inspection
Ma Wen,2002-2007,Member,CPC,Central Committee,Central Commission for Discipline Inspection
Ma Wen,1997-2002,Member,CPC,Central Committee,Work Committee for Central Government Organs
Ma Wen,1997-2002,Member,CPC,Central Committee,Central Commission for Discipline Inspection
Ma Wen,1989-1997,Deputy Director,National Population and Family Planning Commission,Publicity and Education Department
Ma Wen,1989-1995,Secretary,National Population and Family Planning Commission,CPC,Party Committee,Commission for Discipline Inspection
Ma Wen,1982-1987,Teacher,Nankai University,Tianjin Municipality
Ma Wen,1982-1989,Deputy Secretary,Nankai University,CPC,Party Committee
Ma Wen,1978-1982,Student,Nankai University,History Department,Tianjin Municipality
Ma Wen,1968-1978,Deputy Director,Sudulun Commune,Cultural Revolution,Revolutionary Committee,Inner Mongolia Autonomous Region,Wulate Front County
Ma Wenpu,1997-,Vice-Minister,CPC,Central Committee,International Liaison Department
Ma Wenpu,1995-1997,Deputy Secretary-General,CPC,Central Committee,International Liaison Department
Ma Wenpu,1994-1995,Deputy Secretary,CPC,City Committee,Hunan Province,Changsha City
Ma Wenpu,1982-1994,Director-General,CPC,Central Committee,International Liaison Department,Bureau of America, Oceania and Northern Europe
Ma Wenpu,1982-1994,Deputy Director,CPC,Central Committee,International Liaison Department,Bureau of America, Oceania and Northern Europe
Ma Wenpu,1982-1994,Deputy Section Chief,CPC,Central Committee,International Liaison Department,Bureau of America, Oceania and Northern Europe
Ma Wenpu,1978-1982,Second Secretary,Chinese Embassy,Sweden,Stockholm
Ma Wenpu,1970-1978,Deputy Section Chief,CPC,Central Committee,International Liaison Department
Ma Wenpu,1970-1978,Clerk,CPC,Central Committee,International Liaison Department
Ma Wenpu,1969-1970,Cultural Revolution,Cultural Revolution,Sent to do manual labor,Hebei Province,Tangshan City
Ma Wenpu,1969,Staff Member,Chinese Embassy,Finland,Helsinki
Ma Wenpu,1969,Graduate,University of Tampere,Finland,Tampere
Ma Wenpu,1965,Joined,CPC
Ma Wenrui,1988-1993,Vice-Chairman,CPPCC,National Committee
Ma Wenrui,1983-1988,Vice-Chairman,CPPCC,National Committee
Ma Wenrui,1982-1987,Member,CPC,Central Committee
Ma Wenrui,1977-1982,Member,CPC,Central Committee
Ma Wenrui,1956-1969,Alternate Member,CPC,Central Committee
Ma Xiaoliu,1973-1977,Alternate Member,CPC,Central Committee
Ma Xiaotian,2012-,Commander-in-Chief,PLA,Services and Arms,Air Force
Ma Xiaotian,2012-2017,Member,CPC,Central Committee,Central Military Commission
Ma Xiaotian,2012-2017,Member,CPC,Central Committee
Ma Xiaotian,2009-,General,PLA
Ma Xiaotian,2007-2012,Deputy Chief,PLA,Headquarters of the General Staff
Ma Xiaotian,2007-2012,Member,CPC,Central Committee
Ma Xiaotian,2003-2007,President,University of National Defense
Ma Xiaotian,2003-2007,Deputy Commander,PLA,Services and Arms,Air Force
Ma Xiaotian,2002-2007,Member,CPC,Central Committee
Ma Xiaotian,2001-2003,Commander,PLA,Regions,Nanjing Military Region,Air Force,Jiangsu Province,Nanjing City
Ma Xiaotian,2001-2003,Member,PLA,Regions,Nanjing Military Region,CPC,Party Committee,Standing Committee,Jiangsu Province,Nanjing City
Ma Xiaotian,2001-2003,Deputy Secretary,PLA,Regions,Nanjing Military Region,CPC,Party Committee,Jiangsu Province,Nanjing City
Ma Xiaotian,2001-2003,Deputy Commander,PLA,Regions,Nanjing Military Region,Jiangsu Province,Nanjing City
Ma Xiaotian,2000-2009,Lieutenant General,PLA,Services and Arms,Air Force
Ma Xiaotian,1999-2001,Commander,PLA,Regions,Lanzhou Military Region,Air Force,Gansu Province,Lanzhou City
Ma Xiaotian,1999-2001,Member,PLA,Regions,Lanzhou Military Region,CPC,Party Committee,Standing Committee,Gansu Province,Lanzhou City
Ma Xiaotian,1999-2001,Deputy Secretary,PLA,Regions,Lanzhou Military Region,CPC,Party Committee,Gansu Province,Lanzhou City
Ma Xiaotian,1999-2001,Deputy Commander,PLA,Regions,Lanzhou Military Region,Gansu Province,Lanzhou City
Ma Xiaotian,1998-1999,Chief of Staff,PLA,Regions,Guangzhou Military Region,Air Force,Guangdong Province,Guangzhou City
Ma Xiaotian,1997-1999,Deputy Chief-of-Staff,PLA,Services and Arms,Air Force
Ma Xiaotian,1995-2000,Major General,PLA,Services and Arms,Air Force
Ma Xiaotian,1993-1994,Student,University of National Defense
Ma Xiaotian,1983-1993,Commander,PLA,Services and Arms,Air Force,Airman Division
Ma Xiaotian,1983-1993,Deputy Commander,PLA,Services and Arms,Air Force,Airman Division
Ma Xiaotian,1972-1983,Pilot,PLA,Services and Arms,Air Force
Ma Xiaotian,1970-1972,Student,Air Force Aviation School
Ma Xiaotian,1969,Joined,CPC
Ma Xiaotian,1968-1970,Teacher,Air Force Aviation School
Ma Xiaotian,1965,Joined,PLA
Ma Xiaowei,2013-,Deputy Director,National Health and Family Planning Commission
Ma Xiaowei,2001-2013,Member,Ministry of Health,CPC,Leading Party Group
Ma Xiaowei,2001-2013,Vice-Minister,Ministry of Health
Ma Xiaowei,,Secretary,Department of Health,CPC,Leading Party Group,Liaoning Province
Ma Xiaowei,,Director,Department of Health,Liaoning Province
Ma Xiaowei,,Vice-President,China Medical University,Liaoning Province,Shenyang City
Ma Xiaowei,,Deputy Director,China Medical University,President's Office,Liaoning Province,Shenyang City
Ma Xiaowei,,Deputy Secretary,China Medical University,CPC,Party Committee,Publicity Department,Liaoning Province,Shenyang City
Ma Xiaowei,1982,Graduate,China Medical University,Medical Treatment Department,Liaoning Province,Shenyang City
Ma Xiaowei,1982,Joined,CPC
Ma Xingrui,2017-,Governor,People's Government,Guangdong Province
Ma Xingrui,2016-2017,Acting Governor,People's Government,Guangdong Province
Ma Xingrui,2015-2016,Secretary,CPC,City Committee,Guangdong Province,Shenzhen City
Ma Xingrui,2013-2015,Deputy Secretary,CPC,Provincial Committee,Guangdong Province
Ma Xingrui,2013-2014,Director,State Administration for Science, Technology and Industry for National Defense (SASTIND)
Ma Xingrui,2013-2014,Director,China National Space Administration (CNSA)
Ma Xingrui,2013-2014,Director,China Atomic Energy Authority
Ma Xingrui,2013-2014,Vice-Minister,Ministry of Industry and Information Technology
Ma Xingrui,2012-2017,Member,CPC,Central Committee
Ma Xingrui,2007-2013,General Manager,China Aerospace Science and Technology Corporation
Ma Xingrui,2007-2013,Secretary,China Aerospace Science and Technology Corporation,CPC,Leading Party Group
Ma Xingrui,1999-2007,Deputy General Manager,China Aerospace Science and Technology Corporation
Ma Xingrui,1996-1999,Vice-Dean,Chinese Academy of Space Technology
Ma Xingrui,1992-1992,Vice-Chairman,Harbin Institute of Technology,Aerospace College,Aerospace Engineering and Mechanics Department,Heilongjiang Province,Harbin City
Ma Xingrui,1992-1995,Chairman,Harbin Institute of Technology,Aerospace College,Aerospace Engineering and Mechanics Department,Heilongjiang Province,Harbin City
Ma Xingrui,1989-1992,Vice-Chairman,Harbin Institute of Technology,Aerospace College,Space Science and Technology Department,Heilongjiang Province,Harbin City
Ma Xingrui,1988-1989,Teacher,Harbin Institute of Technology,Aerospace College,Heilongjiang Province,Harbin City
Ma Xingrui,1985-1988,Student,Harbin Institute of Technology,Heilongjiang Province,Harbin City
Ma Xingrui,1982-1985,Student,Tianjin University,Tianjin Municipality
Ma Xingyuan,1982-1987,Member,CPC,Central Committee
Ma Xingyuan,1977-1982,Member,CPC,Central Committee
Ma Xiuhong,2003-,Vice-Minister,Ministry of Commerce
Ma Xiuhong,2003-,Member,Ministry of Commerce,CPC,Leading Party Group
Ma Xiuhong,2002-2003,Vice-Minister,Ministry of Foreign Trade and Economic Cooperation
Ma Xiuhong,2001-2001,Student,CPC,Central Committee,Central Party School
Ma Xiuhong,1998-2002,Assistant Minister,Ministry of Foreign Trade and Economic Cooperation
Ma Xiuhong,1998-2003,Member,Ministry of Foreign Trade and Economic Cooperation,CPC,Leading Party Group
Ma Xiuhong,1996-1998,Director,Ministry of Foreign Economic Relations and Trade,Foreign Investment Administrative Bureau
Ma Xiuhong,1993-1996,Deputy Director,Ministry of Foreign Economic Relations and Trade,Foreign Investment Administrative Bureau
Ma Xiuhong,1982-1993,Cadre,Ministry of Foreign Economic Relations and Trade,Foreign Investment Administrative Bureau
Ma Xiuhong,1974-1981,Engineer,PLA
Ma Xulun,1964-1978,Vice-Chairman,CPPCC,National Committee
Ma Yanli,,Deputy Director-General,China Association of Foreign Engineering Contraction
Ma Yanli,1997-2001,President,China Metallurgical Construction Corporation
Ma Yanli,1995-1997,Vice-Chairman,China Metallurgical Construction Corporation
Ma Yanli,1995-1997,Vice-President,China Metallurgical Construction Corporation
Ma Yanli,1993-1998,Deputy,NPC
Ma Yanli,1993-1995,Secretary,CPC,City Committee,Liaoning Province,Anshan City
Ma Yanli,1988-1993,Deputy,NPC
Ma Yanli,1987-1993,Mayor,People's Government,Liaoning Province,Anshan City
Ma Yanli,1985-1987,Executive Deputy Secretary,CPC,City Committee,Liaoning Province,Anshan City
Ma Yongwei,2002-,Chairman,People's Insurance Company of China
Ma Yongwei,2002-,General Director,People's Insurance Company of China
Ma Yongwei,2000-,Member,People's Bank of China,Monetary Policy Department
Ma Yongwei,1998-2002,Chairman,China Insurance Regulatory Commission
Ma Yongwei,1993-????,Executive Member,International Confederation for Agricultural Credit
Ma Yongwei,1993-1998,Vice-Chairman,International Confederation for Agricultural Credit
Ma Yongwei,,Secretary,Agricultural Bank of China,CPC,Leading Party Group
Ma Yongwei,,Governor,Agricultural Bank of China
Ma Yongwei,1981,Joined,CPC
Ma Yongwei,1966,Graduate,Liaoning Institute of Finance and Economics,Liaoning Province
Ma Yongxia,2012-2017,Member,CPC,Central Committee,Central Commission for Discipline Inspection
Ma Yue,1999-,Vice-Chairman,China Council for the Promotion of International Trade
Ma Yue,1999-,Vice-Chairman,China International Chamber of Commerce
Ma Yue,1992-1999,General Manager,Dongfeng Automobile Corporation
Ma Yue,1992-1999,President,Dongfeng Automobile Corporation
Ma Yue,1965-1971,Teacher,Tsinghua University,Beijing Municipality
Ma Yuhai,1987-1992,Alternate Member,CPC,Central Committee
Ma Yuwen,2008-,Director,Civil Affairs Bureau,Hebei Province,Shijiazhuang City
Ma Yuwen,1998-,Vice-Mayor,People's Government,Hebei Province,Shijiazhuang City
Ma Yuwen,1994-1997,Secretary,CPC,County Committee,Hebei Province,Wuji County
Ma Yuwen,1992-1994,Secretary,CPC,District Committee,Hebei Province,Jingxing Ore District
Ma Yuwen,1983-1992,Deputy Secretary,CPC,District Committee,Hebei Province,Jingxing Ore District
Ma Yuwen,1976,Joined,CPC
Ma Yuwen,1976,Joined,CPC
Ma Yuwen,1974-1983,Station Chief,Agriculture and Forestry Bureau,Hebei Province,Jingxing Ore District
Ma Yuwen,1974-1983,Deputy Station Chief,Agriculture and Forestry Bureau,Hebei Province,Jingxing Ore District
Ma Yuwen,1974-1983,Technician,Agriculture and Forestry Bureau,Hebei Province,Jingxing Ore District
Ma Yuwen,1972-1974,Student,Hebei Forestry Institute,Hebei Province
Ma Zaitian,1991-,Academician,Chinese Academy of Sciences
Ma Zaitian,,Professor,Tongji University,Marine Geology Department,Shanghai Municipality
Ma Zaitian,1957,Graduate,Leningrad Mining College,Geophysical Department,Russia,St. Petersburg
Ma Zehua,2001-,Vice-President,China Ocean Shipping Group
Ma Zehua,2001-,Member,China Ocean Shipping Group,CPC,Party Committee
Ma Zehua,1993-1999,President,China Ocean Shipping Group,North America
Ma Zehua,1990-1993,Assistant President,China Ocean Shipping Group,England,United Kingdom,London
Ma Zehua,1990-1993,Managing Director,China Ocean Shipping Group,England,United Kingdom,London
Ma Zehua,1985-1990,Director,China Ocean Shipping Group,Business Development Department
Ma Zehua,1977-1985,Deputy Director,China Ocean Shipping Group,Transport Department
Ma Zhenchuan,2004-,Deputy Secretary,CPC,Municipal Committee,Political Science and Law Committee,Beijing Municipality
Ma Zhenchuan,,Director,Municipal Police Bureau,Beijing Municipality
Ma Zhenchuan,2003-,Secretary,Municipal Police Bureau,CPC,Leading Party Group,Beijing Municipality
Ma Zhenchuan,,First Secretary,CPC,Chinese People's Armed Police Force,Beijing Armed Police Corps
Ma Zhenchuan,,1st Political Commissar,CPC,Chinese People's Armed Police Force,Beijing Armed Police Corps
Ma Zhenchuan,,Deputy Secretary,Municipal Police Bureau,CPC,Leading Party Group,Beijing Municipality
Ma Zhenchuan,,Director,Traffic Bureau,Beijing Municipality
Ma Zhenchuan,,Secretary,Traffic Bureau,CPC,Leading Party Group,Beijing Municipality
Ma Zhengqi,2013-,Deputy Director,State Administration of Industry and Commerce
Ma Zhengqi,2012-2017,Alternate Member,CPC,Central Committee
Ma Zhengqi,2007-2013,Vice-Mayor,People's Government,Chongqing Municipality
Ma Zhengqi,2002-2013,Member,CPC,Municipal Committee,Chongqing Municipality
Ma Zhengqi,2002-2007,Secretary,CPC,District Committee,Chongqing Municipality,Wanzhou District
Ma Zhengqi,2000-2002,Deputy Director,People's Government,General Office,Chongqing Municipality
Ma Zhengqi,1998-2001,Student,CPC,Central Committee,Central Party School
Ma Zhengqi,1997-2000,Director,People's Government,General Office,Chongqing Municipality
Ma Zhengqi,1997-2002,Deputy Secretary-General,People's Government,Chongqing Municipality
Ma Zhengqi,1997-2002,Deputy Secretary,People's Government,CPC,Leading Party Group,Chongqing Municipality
Ma Zhengqi,1993-1995,Student,CPC,Provincial Committee,Party School,Sichuan Province
Ma Zhengqi,1992-1994,Chief Executive,People's Government,Sichuan Province,Shuangqiao District
Ma Zhengqi,1992-1994,Deputy Secretary,CPC,District Committee,Sichuan Province,Shuangqiao District
Ma Zhengqi,1992-1994,Acting Chief Executive,People's Government,Sichuan Province,Shuangqiao District
Ma Zhengqi,1985-1989,Secretary,CYLC,County-Level,Sichuan Province,Yongchuan County
Ma Zhengqi,1985-1992,Member,CPC,County Committee,Sichuan Province,Yongchuan County
Ma Zhengqi,1984-1985,Secretary,CPC,District Committee,Sichuan Province,Linjiang District
Ma Zhengqi,1982-1984,Deputy Secretary,CPC,County Committee,Sichuan Province,Yongchuan County
Ma Zhengqi,1977,Joined,CPC
Ma Zhengwu,2002-,Board Chairman,China Chentong Holding Company
Ma Zhengwu,2001-2002,Vice-President,China Chentong Holding Company,Administrative Department
Ma Zhigeng,2002-2007,Alternate Member,CPC,Central Committee
Ma Zhiming,1999-,Academician,Third World Academy of Sciences
Ma Zhiming,1995-,Academician,Chinese Academy of Sciences
Ma Zhiming,,Vice-President,China Mathematics Association
Ma Zhiming,1984-????,Postgraduate Student,Chinese Academy of Sciences,Applied Mathematics Institute
Ma Zhiming,1981,Graduate,China Science and Technology University,Graduate School of Science,Beijing Municipality
Ma Zhiming,1978,Graduate,Chongqing Normal College,Mathematics Department,Chongqing Municipality
Ma Zhipeng,2006-,Secretary,CPC,Municipal Committee,Commission for Discipline Inspection,Beijing Municipality
Ma Zhipeng,2002-,Member,CPC,Central Committee,Central Commission for Discipline Inspection,Discipline Inspection Office
Ma Zhongchen,1998-2000,Secretary,CPC,Provincial Committee,Henan Province
Ma Zhongchen,1997-2002,Member,CPC,Central Committee
Ma Zhongchen,1995-1998,Deputy Secretary,CPC,Provincial Committee,Henan Province
Ma Zhongchen,1993-1998,Governor,People's Government,Henan Province
Ma Zhongchen,1992-1993,Acting Governor,People's Government,Henan Province
Ma Zhongchen,1992,Vice-Governor,People's Government,Henan Province
Ma Zhongchen,1992-1997,Alternate Member,CPC,Central Committee
Ma Zhongchen,1990-1992,Vice-Minister,Ministry of Agriculture
Ma Zhongchen,1988-1990,Deputy Secretary,CPC,Provincial Committee,Shandong Province
Ma Zhongchen,1987-1992,Alternate Member,CPC,Central Committee
Ma Zhongchen,1987-????,Deputy Secretary-General,State Council
Ma Zhongchen,1986-1988,Secretary-General,People's Government,Shandong Province
Ma Zhongchen,1986-1988,Vice-Governor,People's Government,Shandong Province
Ma Zhongchen,1983-1986,Secretary,CPC,City Committee,Shandong Province,Tai'an City
Ma Zhongchen,1982-1987,Alternate Member,CPC,Central Committee
Ma Zhongchen,1978-1983,Secretary,CPC,County Committee,Shandong Province,Tai'an County
Ma Zhongchen,1976-1978,Secretary,Shandong Province,Zhangqiu County,CPC,County Committee
Ma Zhongchen,1966-1976,Deputy Secretary,CPC,County Committee,Shandong Province,Tai'an County
Ma Zhongchen,1956,Joined,CPC
Ma Zhongchen,1952-1966,Teacher,Shandong Province,Tai'an County
Ma Zhongping,2008-,Chairman,CPPCC,Provincial Committee,Shaanxi Province
Ma Zhongping,2002-2008,Member,CPC,Provincial Committee,Standing Committee,Shaanxi Province
Ma Zhongping,2000-2002,Chairman,City People's Congress,Standing Committee,Shaanxi Province,Weinan City
Ma Zhongping,2000-2008,Secretary,CPC,City Committee,Shaanxi Province,Weinan City
Ma Zhongping,2000-,Mayor,People's Government,Shaanxi Province,Weinan City
Ma Zhongping,1997-2000,Deputy Secretary,CPC,City Committee,Shaanxi Province,Weinan City
Ma Zhongping,1995-2000,Vice-Mayor,People's Government,Shaanxi Province,Weinan City
Ma Zhongping,1995-1997,Member,CPC,City Committee,Standing Committee,Shaanxi Province,Weinan City
Ma Zhongping,1994-1995,Vice-Commissioner,CPC,Prefectural Committee,Shaanxi Province,Weinan Prefecture
Ma Zhongping,1994-1995,Member,CPC,Prefectural Committee,Shaanxi Province,Weinan Prefecture
Ma Zhongping,1991-1994,Chief,Provincial Economic Committee,Shaanxi Province
Ma Zhongping,1973-1976,Student,Northwestern Polytechnical University,Airplane Department,Shaanxi Province,Xi'an City
Ma Zhongping,1971,Joined,CPC
Ma Zhongping,1968-1971,Educated Youth,Xinpu Commune,Shaanxi Province,Hanzhong City
Ma Zongjin,1991-,Academician,Chinese Academy of Sciences
Ma Zongjin,,Researcher,China Seismological Bureau,Geological Institute
Ma Zongjin,,Honorary Head,China Seismological Bureau,Geological Institute
Ma Zongjin,1961-????,Postgraduate Student,Chinese Academy of Sciences,Geological Research Institute
Ma Zongjin,1955,Graduate,Peking College of Geoscience,Reconnaissance Department,Beijing Municipality
Mahinur Kasim,1998-2003,Member,Standing Committee of the NPC
Mahinur Kasim,,Vice-Chairman,All-China Women's Federation,Executive Committee
Mahinur Kasim,1993-1998,Member,Standing Committee of the NPC
Mahinur Kasim,1988-1993,Deputy,NPC
Mahinur Kasim,1979-????,Vice-Chairman,Autonomous Regional People's Congress,Standing Committee,Xinjiang Uygur Autonomous Region
Mahinur Kasim,,Chairman,Xingjiang Women's Federation,Xinjiang Uygur Autonomous Region
Mahinur Kasim,,Vice-Mayor,People's Government,Xinjiang Uygur Autonomous Region,Yining City
Mahinur Kasim,1964-1975,Deputy,NPC
Mahinur Kasim,1959-1964,Deputy,NPC
Mahinur Kasim,1954-1959,Member,CPPCC,National Committee
Mahinur Kasim,1954-1956,Student,CPC,Central Committee,Central Party School
Mahinur Kasim,1952,Joined,CPC
Mai Ciqiu,1998-,Vice-Chairman,CPPCC,Provincial Committee,Yunnan Province
Mai Ciqiu,1998-2003,Member,CPPCC,National Committee,Standing Committee
Mai Ciqiu,1993-????,Vice-Chairman,Provincial People's Congress,Standing Committee,Yunnan Province
Mai Ciqiu,1993-1998,Member,CPPCC,National Committee,Standing Committee
Mai Ciqiu,,Chairman,China Association for Promoting Democracy,Provincial Committee,Yunnan Province
Mai Ciqiu,1988-1993,Member,CPPCC,National Committee
Mai Ciqiu,,Deputy Dean,Kunming Teachers' University,Yunnan Province,Kunming City
Mai Ciqiu,,Associate Professor,Kunming Teachers' University,Yunnan Province,Kunming City
Mai Ciqiu,1951,Graduate,Kunming Normal College,Yunnan Province,Kunming City
Man Yunlai,2002-2003,Member,CPPCC,Municipal Committee,CPC,Leading Party Group,Beijing Municipality
Man Yunlai,2002-2003,Vice-Chairman,CPPCC,Municipal Committee,Beijing Municipality
Man Yunlai,2000-2002,Secretary,Beijing Daily,CPC,Leading Party Group,Beijing Municipality
Man Yunlai,1996-2002,Vice-Chairman,All-China Journalists Association
Man Yunlai,1992-2002,Deputy Secretary-General,CPPCC,Municipal Committee,Beijing Municipality
Man Yunlai,1985-2002,Proprietor,Beijing Daily,Beijing Municipality
Man Yunlai,1984-1988,Vice-Proprietor,Beijing Daily,Beijing Municipality
Man Yunlai,1983-1984,Member,Beijing Daily,Editorial Board,Beijing Municipality
Man Yunlai,1982-1984,Chief Editor,Beijing Daily,Country Department,Beijing Municipality
Man Yunlai,1982-1983,Director,Beijing Daily,Country Department,Beijing Municipality
Man Yunlai,1975-1982,Deputy Director,Beijing Daily,Country Department,Beijing Municipality
Man Yunlai,1973-1974,Member,Beijing Daily,CPC,Party Committee,Beijing Municipality
Man Yunlai,1960-1974,Journalist,Beijing Daily,Beijing Municipality
Man Yunlai,1959-1960,Student,Beijing Hui Minority School,Beijing Municipality
Mao Chaofeng,2015-,Vice-Governor,People's Government,Hainan Province
Mao Chaofeng,2012-2017,Alternate Member,CPC,Central Committee
Mao Daolin,2001-2005,Chief Executive Officer,Sina.com
Mao Daolin,1996-2001,Chief Operating Officer,Sina.com
Mao Daolin,1987,Graduate,Stanford University,USA,California,Stanford
Mao Daru,1998-2003,Member,Standing Committee of the NPC
Mao Daru,,President,China Agricultural University,Beijing Municipality
Mao Daru,,Director,Ministry of Agriculture,Education Department
Mao Daru,1984-????,Vice-President,Beijing Agricultural University,Beijing Municipality
Mao Daru,,Professor,China Agricultural University,Beijing Municipality
Mao Daru,1958-????,Postgraduate Student,Beijing Agricultural University,Beijing Municipality
Mao Daru,1952,Graduate,Beijing Agricultural University,Beijing Municipality
Mao Daru,,Joined,CPC
Mao Fumin,2000-2006,Director,State Archives Administration
Mao Fumin,1999-2000,Director,CPC,Central Committee,Central Archives
Mao Fumin,1995-1999,Deputy Director,State Archives Administration
Mao Fumin,1995-1999,Deputy Director,CPC,Central Committee,Central Archives
Mao Fumin,1990-1992,Deputy Secretary,CPC,Prefectural Committee,Hebei Province,Handan Prefecture
Mao Fumin,1975,Joined,CPC
Mao Fumin,1969,Graduate,Beijing University,Mathematics Department,Beijing Municipality
Mao Guanglie,2011-,Vice-Governor,People's Government,Zhejiang Province
Mao Jiangsen,1991-,Academician,Chinese Academy of Sciences
Mao Jiangsen,,Dean,Zhejiang Medical Academy of Science,Zhejiang Province
Mao Jiangsen,,Researcher,Zhejiang Medical Academy of Science,Zhejiang Province
Mao Jiangsen,1956,Graduate,Shanghai Medical College,Medical Department,Shanghai Municipality
Mao Linsheng,2004-,Vice-Governor,People's Government,Zhejiang Province
Mao Linsheng,1996-2004,Mayor,People's Government,Zhejiang Province,Hangzhou City
Mao Linsheng,1996-2002,Deputy Secretary,CPC,City Committee,Zhejiang Province,Hangzhou City
Mao Linsheng,1995-1996,Secretary,City People's Congress,Zhejiang Province,Quzhou City
Mao Linsheng,1992-1995,Secretary,Provincial Nationality and Religious Affairs Department,CPC,Leading Party Group,Zhejiang Province
Mao Linsheng,1992-1995,Director,Provincial Nationality and Religious Affairs Department,Zhejiang Province
Mao Linsheng,1990-1992,Secretary,CPC,County Committee,Zhejiang Province,Changxing County
Mao Linsheng,1990-1992,Member,CPC,City Committee,Standing Committee,Zhejiang Province,Huzhou City
Mao Linsheng,1984-1990,Secretary,Zhejiang Chemicals College,CYLC,Institutional Level,Zhejiang Province
Mao Linsheng,1984-1987,Political Assistant,Zhejiang Chemicals College,CYLC,Institutional Level,Zhejiang Province
Mao Linsheng,1982-1984,Worker,Zhejiang Province,Linhai
Mao Linsheng,1976-1981,Soldier,PLA
Mao Linsheng,1975,Joined,CPC
Mao Rubai,2003-,Chairman,Environmental Protection and Resources Conservation Committee of the NPC
Mao Rubai,1998-2002,Chairman,Autonomous Regional People's Congress,Standing Committee,Ningxia Hui Autonomous Region
Mao Rubai,1997-2002,Secretary,CPC,Autonomous Regional Committee,Ningxia Hui Autonomous Region
Mao Rubai,1997-2002,Member,CPC,Autonomous Regional Committee,Standing Committee,Ningxia Hui Autonomous Region
Mao Rubai,1997-2002,Member,CPC,Central Committee
Mao Rubai,1993-1997,Vice-Minister,Ministry of Construction
Mao Rubai,1986-1993,Vice-Chairman,Autonomous Region People's Government,Tibet Autonomous Region
Mao Rubai,1984-1986,Deputy Secretary,CPC,Autonomous Regional Committee,Tibet Autonomous Region
Mao Rubai,,Secretary,Meteorological Bureau,CPC,Party Committee,Tibet Autonomous Region
Mao Rubai,,President,Meteorology Society
Mao Rubai,1980-1984,Deputy Secretary,Meteorological Bureau,CPC,Party Committee,Tibet Autonomous Region
Mao Rubai,1980-1984,Director,Meteorological Bureau,Tibet Autonomous Region
Mao Rubai,1980-1984,Deputy Director,Meteorological Bureau,Tibet Autonomous Region
Mao Rubai,1966-1980,Director,Meteorological Station,Tibet Autonomous Region,Lhasa
Mao Rubai,1959,Joined,CPC
Mao Rubai,1956-1961,Student,Nanjing University,Meteorology Department,Jiangsu Province,Nanjing City
Mao Wanchun,2016-,Deputy Secretary,CPC,Provincial Committee,Shaanxi Province
Mao Wanchun,2014-2017,Member,CPC,Central Committee
Mao Wanchun,2013-2016,Director,CPC,Provincial Committee,Organization Department,Shaanxi Province
Mao Wanchun,2012-2017,Alternate Member,CPC,Central Committee
Mao Wanchun,2012-2017,Delegate,CPC,National Congress
Mao Wanchun,2010-2013,Secretary,CPC,City Committee,Henan Province,Luoyang City
Mao Wanchun,2007-2012,Delegate,CPC,National Congress
Mao Wanchun,2006-2010,Secretary,CPC,City Committee,Henan Province, Xuchang City
Mao Wanchun,2006-2010,Mayor,People's Government,Henan Province, Xuchang City
Mao Wanchun,2003-2008,Deputy,NPC
Mao Wanchun,2001-2006,Deputy Secretary,CPC,City Committee,Henan Province, Xuchang City
Mao Wanchun,1998-2001,Deputy Secretary,CPC,Prefectural Committee,Henan Province,Zhoukou Prefecture
Mao Wanchun,1995-1998,Secretary,CPC,City Committee,Henan Province,Linzhou City
Mao Wanchun,1993-1998,Director,City People's Congress,Standing Committee,Henan Province,Linzhou City
Mao Wanchun,1991-1993,Magistrate,County (District) People's Court,Henan Province, Linzhou County
Mao Wanchun,1991-1993,Deputy Secretary,CPC,County Committee,Henan Province, Linzhou County
Mao Wanchun,1989-1991,Secretary,CYLC,City-Level,CPC,Leading Party Group,Henan Province,Anyang City
Mao Wanchun,1989-1991,Secretary,CYLC,City-Level,Henan Province,Anyang City
Mao Wanchun,1988-1989,Deputy Secretary,CYLC,City-Level,Henan Province,Anyang City
Mao Wanchun,1984-1988,Secretary,CYLC,County-Level,Henan Province, Tangyin County
Mao Wanchun,1984-1987,Deputy Director,CPC,County Committee,Publicity Department,Henan Province, Tangyin County
Mao Wanchun,1978-1982,Student,Henan University, Politics Education Department,Henan Province,Kaifeng City
Mao Wanchun,1977-1978,Cultural Revolution,Cultural Revolution,Rusticated Youth,Henan Province, Tangyin County
Mao Wei,1996,Graduate,Chinese Academy of Sciences,Institute of Computing Technology
Mao Wei,1996-,Deputy Director,Chinese Academy of Sciences,Computer Network Information Center
Mao Wei,1988,Graduate,Sichuan University,Computer Science Department,Sichuan Province
Mao Weiming,2015-,Vice-Governor,People's Government,Jiangxi Province
Mao Weiming,2013-2015,Vice-Minister,Ministry of Industry and Information Technology
Mao Xinxian,1977-1982,Alternate Member,CPC,Central Committee
Mao Yisheng,1983-1988,Vice-Chairman,CPPCC,National Committee
Mao Youfeng,2017-,Deputy Director,National Bureau of Statistics
Mao Zengdian,1998-2003,Member,CPPCC,National Committee,Standing Committee
Mao Zengdian,1997-,Chairman,Revolutionary Committee of Chinese Kuomintang (RCCK),Municipal Committee,Beijing Municipality
Mao Zengdian,1993-1998,Member,CPPCC,National Committee,Standing Committee
Mao Zengdian,1993-1997,Vice-Chairman,Revolutionary Committee of Chinese Kuomintang (RCCK),Municipal Committee,Beijing Municipality
Mao Zengdian,,Member,Revolutionary Committee of Chinese Kuomintang (RCCK),Standing Committee
Mao Zengdian,1988-1993,Member,CPPCC,National Committee
Mao Zengdian,1986,Joined,Revolutionary Committee of Chinese Kuomintang (RCCK)
Mao Zengdian,1973-????,Associate Professor,Jiaotong University,Shanghai Municipality
Mao Zengdian,,Teaching Assistant,Jiaotong University,Shanghai Municipality
Mao Zengdian,1961,Graduate,Jiaotong University,Shipbuilding Department,Shanghai Municipality
Mao Zhaoxi,1998-2003,Member,Standing Committee of the NPC
Mao Zhaoxi,1993-1998,Vice-Chairman,Provincial People's Congress,Standing Committee,Zhejiang Province
Mao Zhaoxi,1992-????,Chairman,China Association for Promoting Democracy,Provincial Committee,Zhejiang Province
Mao Zhaoxi,1984,Joined,CPC
Mao Zhaoxi,1983,Joined,China Association for Promoting Democracy (CAPD)
Mao Zhaoxi,,President,Zhejiang Provincial Archaeological Society,Zhejiang Province
Mao Zhaoxi,,Director,Bureau of Cultural Relics,Zhejiang Province
Mao Zhaoxi,,Deputy Director,Cultural Department,Zhejiang Province
Mao Zhaoxi,,Associate Research Fellow,Chinese Academy of Social Sciences,World History Research Institute
Mao Zhaoxi,,Curator of Library,Hangzhou University,Zhejiang Province,Hangzhou City
Mao Zhaoxi,,Associate Professor,Hangzhou University,Zhejiang Province,Hangzhou City
Mao Zhaoxi,1951-????,Postgraduate Student,Zhejiang University,Anthropology Department
Mao Zhaoxi,1949,Graduate,Zhejiang University
Mao Zhiyong,1998-2003,Vice-Chairman,CPPCC,National Committee
Mao Zhiyong,1993-1998,Chairman,Provincial People's Congress,Jiangxi Province
Mao Zhiyong,1992-1997,Member,CPC,Central Committee
Mao Zhiyong,1988-1995,Secretary,CPC,Provincial Committee,Jiangxi Province
Mao Zhiyong,1987-1992,Member,CPC,Central Committee
Mao Zhiyong,1982-1987,Member,CPC,Central Committee
Mao Zhiyong,1977-1988,Secretary,CPC,Provincial Committee,Hunan Province
Mao Zhiyong,1977-1982,Member,CPC,Central Committee
Mao Zhiyong,1972-1973,Deputy Secretary-General,CPC,Provincial Committee,Hunan Province
Mao Zhiyong,1966-1968,Worker,Cultural Revolution,Sent to the countryside
Mao Zhiyong,1966-1971,Deputy Secretary,CPC,Prefectural Committee,Hunan Province,Changde City
Mao Zhiyong,1966-1971,Deputy Secretary,CPC,Prefectural Committee,Hunan Province,Yueyang Prefecture
Mao Zhiyong,1964-1966,Secretary,CPC,County Committee,Hunan Province,Yueyang County
Mao Zhiyong,1952,Joined,CPC
Mei Kebao,2012-2017,Alternate Member,CPC,Central Committee
Mei Kebao,2007-2012,Alternate Member,CPC,Central Committee
Mei Kebao,2006-,Deputy Secretary,CPC,Provincial Committee,Hunan Province
Mei Kebao,2001-,Member,CPC,Provincial Committee,Standing Committee,Hunan Province
Mei Kebao,2001-2006,Secretary,CPC,City Committee,Hunan Province,Changsha City
Mei Kebao,1999-2001,Secretary,CPC,City Committee,Hunan Province,Hengyang City
Mei Kebao,1994-1999,Secretary,CPC,Prefectural Committee,Hunan Province,Chenzhou Prefecture
Mei Kebao,1994-1999,Secretary,CPC,City Committee,Hunan Province,Chenzhou City
Mei Kebao,1992-1994,Member,CPC,City Committee,Standing Committee,Hunan Province,Changsha City
Mei Kebao,1992-1994,Secretary,CPC,City Committee,Hunan Province,Liuyang City
Mei Kebao,1987-1992,Deputy Secretary,CYLC,Provincial-Level,Hunan Province
Mei Kebao,1985-1987,Deputy Secretary,CPC,County Committee,Hunan Province,Changde County
Mei Shouchun,,Deputy Chairman,China World Best Group Company
Mei Shouchun,,Executive Director,China World Best Group Company
Mei Shouchun,,Secretary,Jaifeng Cotton Textile Factory,CPC,Party Committee,Shanghai Municipality
Mei Shouchun,,Deputy Director,Jaifeng Cotton Textile Factory,Shanghai Municipality
Mei Shouchun,,General Manager,Shanghai Textile Development Corporation
Mei Shouchun,,Director,Textile Industry Bureau,Shanghai Municipality
Mei Shouchun,,Deputy Director,Textile Industry Bureau,Shanghai Municipality
Mei Songlin,1977-1982,Alternate Member,CPC,Central Committee
Mei Xiangming,2002-,Vice-Chairman,China Association for Promoting Democracy,Central Committee
Mei Xiangming,2000-,Vice-Chairman,CPPCC,Municipal Committee,Beijing Municipality
Mei Xiangming,1998-2003,Vice-Chairman,CPPCC,National Committee,Subcommittee for Handling Proposals
Mei Xiangming,1998-2003,Member,CPPCC,National Committee,Standing Committee
Mei Xiangming,1997-2002,Vice-Chairman,China Association for Promoting Democracy,Central Committee
Mei Xiangming,1993-1998,Member,CPPCC,Subcommittee of Foreign Affairs
Mei Xiangming,1993-1998,Member,CPPCC,National Committee,Standing Committee
Mei Xiangming,1992-1997,Member,China Association for Promoting Democracy,Central Committee
Mei Xiangming,1992-2000,Chairman,China Association for Promoting Democracy,Municipal Committee,Beijing Municipality
Mei Xiangming,1992-1997,Deputy Secretary-General,China Association for Promoting Democracy,Central Committee
Mei Xiangming,1988-1992,Alternate Member,China Association for Promoting Democracy,Central Committee
Mei Xiangming,1984-1988,Member,China Association for Promoting Democracy,Central Committee,Executive Bureau
Mei Xiangming,1983-1988,Member,CPPCC,National Committee,Standing Committee
Mei Xiangming,,Vice-President,Beijing Teachers' College,Mathematics Department,Beijing Municipality
Mei Xiangming,,Dean,Beijing Teachers' College,Mathematics Department,Beijing Municipality
Mei Xiangming,,Professor,Beijing Teachers' College,Mathematics Department,Beijing Municipality
Mei Xiangming,1961-????,Associate Professor,Beijing Teachers' College,Mathematics Department,Beijing Municipality
Mei Xiangming,1949-????,Assistant Professor,Zhongshan University
Mei Xiangming,1948,Graduate,Zhongshan University,Mathematical Astronomy Department
Mei Yangzheng,1998-2003,Member,CPPCC,National Committee,Standing Committee
Mei Yangzheng,1998-2003,Vice-Chairman,CPPCC,Provincial Committee,Henan Province
Mei Yangzheng,1993-1998,Member,CPPCC,National Committee,Standing Committee
Mei Yangzheng,1992-,Chairman,Revolutionary Committee of Chinese Kuomintang (RCCK),Provincial Committee,Henan Province
Mei Yangzheng,1992-2002,Member,Revolutionary Committee of Chinese Kuomintang (RCCK),Central Committee
Mei Yangzheng,1988-1992,Member,Revolutionary Committee of Chinese Kuomintang (RCCK),Central Committee
Mei Yangzheng,1983-1988,Member,Revolutionary Committee of Chinese Kuomintang (RCCK),Central Committee
Mei Yangzheng,1958,Graduate,Beijing College of Political Science and Law,Beijing Municipality
Mei Yangzheng,1953,Joined,Revolutionary Committee of Chinese Kuomintang (RCCK)
Meng Fulin,1998-2003,Deputy,NPC
Meng Fulin,1997-2002,Delegate,CPC,National Congress
Meng Fulin,1993-1998,Deputy,NPC
Meng Fulin,1993-,Chairman,Provincial People's Congress,Standing Committee,Anhui Province
Meng Fulin,1988-1993,Deputy,NPC
Meng Fulin,1987-????,Deputy Secretary,CPC,Provincial Committee,Anhui Province
Meng Fulin,,Vice-Governor,People's Government,Anhui Province
Meng Fulin,,Director,Forestry Department,Anhui Province
Meng Fulin,,Secretary,CPC,County Committee,Anhui Province,Feidong County
Meng Fulin,,Secretary,CPC,County Committee,Anhui Province,Lujiang County
Meng Fulin,,Deputy Magistrate,County (District) People's Court,Anhui Province,Lujiang County
Meng Fulin,1983-????,Deputy Director,Public Security Bureau,Anhui Province,Hanshan County
Meng Fulin,1953,Joined,CPC
Meng Hongwei,2013-,Deputy Director,State Oceanic Administration
Meng Hongwei,2013-,Director,Maritime Police Bureau
Meng Hongwei,2004-,Deputy Director,Chinese People's Armed Police Force
Meng Hongwei,2004-,Director,Interpol,National Central Bureau of China
Meng Hongwei,2004-,Member,Ministry of Public Security,CPC,Party Committee
Meng Hongwei,2004-,Vice-Minister,Ministry of Public Security
Meng Jianzhu,2012-,Secretary,CPC,Central Committee,Politics and Law Commission
Meng Jianzhu,2012-2017,Member,CPC,Central Committee,Politburo
Meng Jianzhu,2012-2017,Member,CPC,Central Committee
Meng Jianzhu,2008-2013,Member,State Council,CPC,Leading Party Group
Meng Jianzhu,2008-2013,State Councilor,State Council
Meng Jianzhu,2007-2012,Secretary,Ministry of Public Security,CPC,Party Committee
Meng Jianzhu,2007-2012,Member,CPC,Central Committee
Meng Jianzhu,2007-2012,Minister,Ministry of Public Security
Meng Jianzhu,2002-2007,Member,CPC,Central Committee
Meng Jianzhu,2001-2007,Chairman,Provincial People's Congress,Standing Committee,Jiangxi Province
Meng Jianzhu,2001-2007,Secretary,CPC,Provincial Committee,Jiangxi Province
Meng Jianzhu,2001-2007,Member,CPC,Provincial Committee,Standing Committee,Jiangxi Province
Meng Jianzhu,1997-2002,Alternate Member,CPC,Central Committee
Meng Jianzhu,1996-2001,Deputy Secretary,CPC,Municipal Committee,Shanghai Municipality
Meng Jianzhu,1993-1993,Director,Commission for Restructuring the Economy,Shanghai Municipality
Meng Jianzhu,1993-1996,Vice-Mayor,People's Government,Shanghai Municipality
Meng Jianzhu,1992-1993,Deputy Secretary-General,People's Government,Shanghai Municipality
Meng Jianzhu,1991-1992,Secretary,CPC,Municipal Committee,Rural Work Committee,Shanghai Municipality
Meng Jianzhu,1990-1991,Secretary,CPC,County Committee,Shanghai,Jiading County
Meng Jianzhu,1986-1990,Secretary,CPC,County Committee,Shanghai,Chuansha County
Meng Jianzhu,1984-1986,Student,CPC,Municipal Committee,Party School,Shanghai Municipality
Meng Jianzhu,1981-1986,Deputy Secretary,Qianwei Farm,CPC,Party Committee,Shanghai Municipality
Meng Jianzhu,1981-1986,Director,Qianwei Farm,CPC,Party Committee,Shanghai Municipality
Meng Jianzhu,1977-1981,Director,Qianwei Farm,Political Department,Shanghai Municipality
Meng Jianzhu,1977-1981,Secretary,Qianwei Farm,Cork General Plant,CPC,Party Branch,Shanghai Municipality
Meng Jianzhu,1977-1981,Deputy Secretary,Qianwei Farm,CPC,Party Committee,Shanghai Municipality
Meng Jianzhu,1976-1977,Member,Qianwei Farm,CPC,Party Committee,Shanghai Municipality
Meng Jianzhu,1976-1977,Leader,Qianwei Farm,CPC,Party Committee,Publicity Department,Shanghai Municipality
Meng Jianzhu,1973-1976,Secretary,Qianwei Farm,Transport Company,CPC,Party Branch,Shanghai Municipality
Meng Jianzhu,1971,Joined,CPC
Meng Jianzhu,1968-1973,Deputy Political Instructor,Qianwei Farm,Supply Marketing and Transport Station,Shanghai Municipality
Meng Jianzhu,1968-1973,Deputy Leader of Boat Fleet,Qianwei Farm,Supply Marketing and Transport Station,Shanghai Municipality
Meng Jianzhu,1968-1973,Secretary,Qianwei Farm,Supply Marketing and Transport Station,CYLC,Institutional Level,Shanghai Municipality
Meng Jinxi,2002-,Lieutenant General,PLA
Meng Jinxi,2002-2007,Member,CPC,Central Committee
Meng Jinxi,2001-,Member,CPC,Autonomous Regional Committee,Standing Committee,Tibet Autonomous Region
Meng Jinxi,2001-,Commander,PLA,Regions,Tibet Military District
Meng Jinxi,2001-,Deputy Secretary,PLA,Regions,Tibet Military District,CPC,Party Committee
Meng Jinxi,1992-2002,Major General,PLA
Meng Jinxi,1992-1996,Deputy Commander,PLA,Regions,Chengdu Military Region,Guizhou Military District,Guizhou Province
Meng Jinxi,1985-1988,Corps Commander,PLA,Services and Arms,Group Army
Meng Jinxi,1984-1984,Deputy Chief of Staff,PLA,Services and Arms,Army (or Ground Force),Corps Command
Meng Jinxi,1984-1985,Chief of Staff,PLA,Services and Arms,Army (or Ground Force),Corps Command
Meng Jinxi,1982-1983,Deputy Chief of Staff,PLA,Services and Arms,Army (or Ground Force),Division Command
Meng Jinxi,1980-1982,Student,Military Academy of the Chinese PLA
Meng Jinxi,1964,Joined,CPC
Meng Jinxi,1961,Joined,PLA
Meng Jinxi,1961-1964,Squad Commander,PLA,Services and Arms,Army (or Ground Force)
Meng Qiliang,2005-,Vice-Governor,People's Government,Guizhou Province
Meng Qiliang,1999-2005,Secretary,CPC,Autonomous Prefectural Committee,Guizhou Province,Bouyei-Miao Autonomous Prefecture
Meng Qiliang,1999-2005,Commissioner,CPC,Autonomous Prefectural Committee,Guizhou Province,Bouyei-Miao Autonomous Prefecture
Meng Qiliang,1994-1999,Deputy Commissioner,CPC,Autonomous Prefectural Committee,Guizhou Province,Bouyei-Miao Autonomous Prefecture
Meng Qiliang,1992-1999,Member,CPC,Autonomous Prefectural Committee,Standing Committee,Guizhou Province,Bouyei-Miao Autonomous Prefecture
Meng Qiliang,1989-1992,Deputy Secretary,CPC,County Committee,Guizhou Province,Guiding County
Meng Qiliang,1982-1984,Deputy Section Chief,CPC,Autonomous Prefectural Committee,Secretary Department,Guizhou Province,Bouyei-Miao Autonomous Prefecture
Meng Qiliang,1982,Graduate Student,CPC,Central Committee,Central Party School
Meng Qiliang,1978-1982,Student,Guizhou Institute of Nationalities,Political Science Department,Guizhou Province
Meng Qiliang,,Joined,CPC
Meng Qingfeng,2015-,Vice-Minister,Ministry of Public Security
Meng Sufen,1998-2003,Member,CPPCC,National Committee,Standing Committee
Meng Sufen,1992-1997,Delegate,CPC,National Congress
Meng Sufen,1964-1975,Deputy,NPC
Meng Sufen,1964-1993,Vice-Chairman,CPPCC,Provincial Committee,Guizhou Province
Meng Sufen,1959-1964,Deputy,NPC
Meng Sufen,1954-1959,Deputy,NPC
Meng Sufen,1953,Joined,CPC
Meng Weidong,1982,Joined,CPC
Meng Xiangfeng,2013-2015,Director,National Administration for Protection of State Secrets
Meng Xiangfeng,2011-2013,Director,Inspection and Supervision Department,Liaoning Province
Meng Xiangfeng,2008-2013,Secretary,CPC,Provincial Committee,Commission for Discipline Inspection,Liaoning Province
Meng Xianlai,2002-,Member,Ministry of Land and Resources,CPC,Leading Party Group
Meng Xianlai,2001-,Director,Ministry of Land and Resources,Personnel and Education Department
Meng Xianlai,2000-2001,Student,CPC,Central Committee,Central Party School
Meng Xianlai,2000-2001,Director,Ministry of Land and Resources,Law Enforcement Inspection Bureau
Meng Xianlai,1991-1996,Director,Ministry of Land and Resources,Education Department
Meng Xianlai,1988-????,Student,CPC,Central Committee,Central Party School
Meng Xianlai,1976-1978,Sankeyushu Commune CPC,Sankeyushu Commune,CPC,Party Branch,Jilin Province,Tonghua County
Meng Xianlai,1976-1978,Leader,Sankeyushu Commune,Jilin Province,Tonghua County
Meng Xianlai,1976-????,Vice-President,Changchun Institute of Geosciences,Jilin Province,Changchun City
Meng Xianlai,1976-????,Deputy Director,Changchun Institute of Geosciences,Cultural Revolution,Revolutionary Committee,Jilin Province,Changchun City
Meng Xianlai,1976-????,Deputy Secretary,Changchun Institute of Geosciences,CPC,Party Committee,Jilin Province,Changchun City
Meng Xianlai,1974-1976,Deputy Leader,Changchun Institute of Geosciences,Student Affairs Group,Jilin Province,Changchun City
Meng Xianlai,1974-1976,Secretary,Changchun Institute of Geosciences,CPC,League Committee,Jilin Province,Changchun City
Meng Xianlai,1970-1974,Worker,Changchun Institute of Geosciences,Geology Team,Jilin Province,Changchun City
Meng Xianlai,1966,Graduate,Changchun Institute of Geosciences,Nonmetallic Mineral Prospecting Department,Jilin Province,Changchun City
Meng Xianlai,1966,Joined,CPC
Meng Xiaosi,2008-,Deputy Secretary,All-China Women's Federation,CPC,Leading Party Group
Meng Xiaosi,2003-2008,Deputy Secretary,Ministry of Culture,CPC,Leading Party Group
Meng Xiaosi,1997-2008,Vice-Minister,Ministry of Culture
Meng Xiaosi,1994-1995,Vice-Mayor,People's Government,Hebei Province,Shijiazhuang City
Meng Xiaosi,1983-1993,Director,Ministry of Culture,Cultural Market Management Bureau
Meng Xiaosi,1983-1993,Deputy Director,Ministry of Culture,Cultural Market Management Bureau
Meng Xiaosi,1983-1993,Deputy Director,Ministry of Culture,Social Culture Department
Meng Xiaosi,1983-1993,Secretary,Ministry of Culture,League Membership Committee
Meng Xiaosi,1979-1982,Student,Renmin University of China,History Department,Beijing Municipality
Meng Xiaosi,1975-1979,Worker,Beijing Music Publishing House,Beijing Municipality
Meng Xuenong,2012-2017,Member,CPC,Central Committee
Meng Xuenong,2010-,Deputy Secretary,CPC,Central Committee,Work Committee for Central Government Organs,CPC,Party Committee
Meng Xuenong,2008-2008,Governor,People's Government,Shanxi Province
Meng Xuenong,2007-2008,Deputy Secretary,CPC,Provincial Committee,Shanxi Province
Meng Xuenong,2007-2008,Acting Governor,People's Government,Shanxi Province
Meng Xuenong,2007-2012,Member,CPC,Central Committee
Meng Xuenong,2007-2008,Member,CPC,Provincial Committee,Shanxi Province
Meng Xuenong,2007-2008,Member,CPC,Provincial Committee,Standing Committee,Shanxi Province
Meng Xuenong,2003-2007,Deputy Secretary,Construction Commission for Diverting Water from the South to the North Project,CPC,Leading Party Group
Meng Xuenong,2003-2007,Deputy Director,Construction Commission for Diverting Water from the South to the North Project
Meng Xuenong,2003-2003,Mayor,People's Government,Beijing Municipality
Meng Xuenong,2002-2003,Deputy Secretary,CPC,Municipal Committee,Beijing Municipality
Meng Xuenong,2002-2007,Member,CPC,Central Committee
Meng Xuenong,1998-2002,Executive Vice-Mayor,People's Government,Beijing Municipality
Meng Xuenong,1998-2003,Member,CPC,Municipal Committee,Standing Committee,Beijing Municipality
Meng Xuenong,1996-1998,Deputy Secretary,CPC,Municipal Committee,Political Science and Law Committee,Beijing Municipality
Meng Xuenong,1993-1998,Vice-Mayor,People's Government,Beijing Municipality
Meng Xuenong,1991-1995,Graduate,University of Science and Technology of China,Anhui Province
Meng Xuenong,1987-1993,Director,Administration for Industry and Commerce,Beijing Municipality
Meng Xuenong,1987-1993,Secretary,Administration for Industry and Commerce,CPC,Leading Party Group,Beijing Municipality
Meng Xuenong,1986-1987,Deputy Secretary,Beijing Hotel Allied Company,CYLC,Institutional Level,Beijing Municipality
Meng Xuenong,1986-1987,General Manager,Beijing Hotel Allied Company,Beijing Municipality
Meng Xuenong,1983-1986,Deputy Secretary,CYLC,Municipal-Level,Beijing Municipality
Meng Xuenong,1980-1983,Secretary,Beijing Automobile Industry Company,CYLC,Institutional Level,Beijing Municipality
Meng Xuenong,1980-1983,Deputy Secretary,Beijing Automobile Industry Company,CYLC,Institutional Level,Beijing Municipality
Meng Xuenong,1977-1980,Office Secretary,CPC,Provincial Committee,Organization Department,Zhejiang Province
Meng Xuenong,1975-1977,Secretary,CPC,Provincial Committee,General Office,Zhejiang Province
Meng Xuenong,1974-1975,Staff Member,Beijing Automobile Industry Company,Beijing Municipality
Meng Xuenong,1972,Joined,CPC
Meng Xuenong,1971-1974,Secretary,No. 2 Motor Vehicle Plant,CYLC,Institutional Level,Beijing Municipality
Meng Xuenong,1969-1971,Worker,No. 2 Motor Vehicle Plant,Beijing Municipality
Meng Xuenong,1965-1969,Student,Beijing Normal University,Beijing Municipality
Meng Yuqun,2002-,Chief Law Consultant,Sinotrans Limited
Meng Yuqun,1996-,General Manager,Sinotrans Limited,Law Department
Meng Yuqun,1988-1996,General Manager,China Foreign Trade Transportation Corporation,Law Department
Meng Yuqun,1985-1988,Section Chief,China Foreign Trade Transportation Corporation,Research and Development Department
Meng Yuqun,1985-1988,Deputy Division Chief,China Foreign Trade Transportation Corporation,Law Department
Meng Yuqun,1972-1984,Staff Member,China Foreign Trade Transportation Corporation,Maritime Department
Meng Yuqun,,Graduate,Beijing Second Foreign Languages Institute,Beijing Municipality
Miao Gengsu,1997-,Chairman,China National Metals and Minerals Import and Export Corporation
Miao Gengsu,1997-,Director,China National Metals and Minerals Import and Export Corporation
Miao Gengsu,1997-,President,China National Metals and Minerals Import and Export Corporation
Miao Gengsu,1990-,Vice-Chairman,Foreign Trade and Economics Department,Shanghai Municipality
Miao Gengsu,,General Manager,Shanghai Municipal Metals and Minerals Import and Export Company,Shanghai Municipality
Miao Gengsu,,Deputy Manager,Shanghai Municipal Metals and Minerals Import and Export Company,Shanghai Municipality
Miao Gengsu,,Department Director,Shanghai Municipal Metals and Minerals Import and Export Company,Shanghai Municipality
Miao Gengsu,1968-????,Counterman,Shanghai Municipal Metals and Minerals Import and Export Company,Shanghai Municipality
Miao Gengsu,1966,Graduate,Tianjin Foreign Trade College,Economy and Trade Department,Tianjin Municipality
Miao Helin,1997-2002,Alternate Member,CPC,Central Committee
Miao Hua,2015-,Admiral,PLA
Miao Hua,2014-,Political Commissar,PLA,Services and Arms,Navy
Miao Hua,2012-2017,Member,CPC,Central Committee,Central Commission for Discipline Inspection
Miao Hua,2012-2014,Deputy Political Commissar,PLA,Regions,Lanzhou Military Region
Miao Hua,2012-2015,Vice-Admiral,PLA
Miao Hua,2012-2017,Member,CPC,Central Committee
Miao Hua,2010-2012,Director,PLA,Regions,Lanzhou Military Region,Political Department
Miao Hua,2005-2010,Political Commissar,PLA,Services and Arms,12th Group Army
Miao Hua,2001-2012,Major General,PLA
Miao Hua,1999-2005,Director,PLA,Services and Arms,31st Group Army,Political Department
Miao Hua,1969,Joined,PLA
Miao Jianzhong,1997-,Chairman,Jinghua Cooperation Group Company Limited
Miao Ruilin,2015-,Mayor,People's Government,Jiangsu Province,Nanjing City
Miao Ruilin,2013-2015,Acting Mayor,People's Government,Jiangsu Province,Nanjing City
Miao Wei,2015-,Deputy Director,National Construction Leading Group for Manufacturing Powerful Country
Miao Wei,2013-,Minister,Ministry of Industry and Information Technology
Miao Wei,2012-2017,Member,CPC,Central Committee
Miao Wei,2010-,Secretary,Ministry of Industry and Information Technology,CPC,Leading Party Group
Miao Wei,2010-2013,Minister,Ministry of Industry and Information Technology
Miao Wei,2008-2010,Deputy Secretary,Ministry of Industry and Information Technology,CPC,Leading Party Group
Miao Wei,2008-2013,Deputy,NPC
Miao Wei,2008-2010,Vice-Minister,Ministry of Industry and Information Technology
Miao Wei,2007-2012,Alternate Member,CPC,Central Committee
Miao Wei,2007-2008,Chairman,City People's Congress,Hubei Province,Wuhan City
Miao Wei,2007-,Delegate,CPC,National Congress
Miao Wei,2005-2008,Secretary,CPC,City Committee,Hubei Province,Wuhan City
Miao Wei,2005-2008,Member,CPC,Provincial Committee,Standing Committee,Hubei Province
Miao Wei,2003-2008,Deputy,NPC
Miao Wei,2003-2005,Member,CPC,Provincial Committee,Hubei Province
Miao Wei,2002-2007,Delegate,CPC,National Congress
Miao Wei,2001-2005,Deputy Secretary,Dongfeng Automobile Corporation,CPC,Party Committee
Miao Wei,1999-2005,General Manager,Dongfeng Automobile Corporation
Miao Wei,1997-2001,Secretary,Dongfeng Automobile Corporation,CPC,Party Committee
Miao Wei,1995-1998,Student,CPC,Central Committee,Central Party School
Miao Wei,1995-1997,Deputy Chief Engineer,Dongfeng Automobile Corporation
Miao Wei,1993-1995,Deputy Director,First Ministry of Machine-Building Industry,Automobile Department
Miao Wei,1989-1993,Deputy Director-General,China National Automotive Industry Corporation,Production Department
Miao Wei,1985-1989,Deputy Manager,China National Automotive Industry Corporation,Sales Department
Miao Wei,1984,Joined,CPC
Miao Wei,1978-1982,Student,Hefei University of Technology,Internal Combustion Engine Department,Anhui Province,Hefei City
Miao Wei,1974-1976,Cultural Revolution,Cultural Revolution,Rusticated Youth,Anhui Province,Feixi County
Miao Yuntai,1988-1993,Vice-Chairman,CPPCC,National Committee
Miao Yuntai,1983-1988,Vice-Chairman,CPPCC,National Committee
Min Enze,1994-,Academician,Chinese Academy of Engineering
Min Enze,1993-,Academician,Third World Academy of Sciences
Min Enze,1980-,Academician,Chinese Academy of Sciences
Min Enze,,Director,China Petroleum Industry Corporation,Research Institute of Petroleum Science,Academic Board
Min Enze,,Senior Engineer,China Petroleum Industry Corporation
Min Enze,1951,Graduate,Ohio State University,USA,Ohio,Columbus
Min Enze,1946,Graduate,Central University for Nationalities,Chemical Engineering Department,Beijing Municipality
Min Guirong,1994-,Academician,Chinese Academy of Engineering
Min Guirong,1992-,Academician,International Academy of Space Sciences
Min Guirong,1991-,Academician,Chinese Academy of Sciences
Min Guirong,,Researcher,China Aerospace Science and Technology Corporation,China Space Technology Research Institute
Min Guirong,1963,Graduate,Soviet Academy of Science,Dynamic Research Institute,Russia,Moscow
Min Guirong,1956,Graduate,Nanjing Institute of Technology,Shanghai Municipality
Min Naiben,1991-,Academician,Chinese Academy of Sciences
Min Naiben,1987,Graduate,Japan Northeast University,Japan,Tokyo
Min Naiben,,Director,National Artificial Crystal Research and Development Center
Min Naiben,,Superintendent,Material Science Research Institute
Min Naiben,,Professor,Nanjing University,Physics Department,Shanghai Municipality
Min Naiben,1959,Graduate,Nanjing University,Physics Department,Shanghai Municipality
Min Weifang,2007-2012,Alternate Member,CPC,Central Committee
Min Weifang,2002-2007,Alternate Member,CPC,Central Committee
Min Yiren,2006-,Deputy Director,State Bureau of Surveying and Mapping
Min Yiren,2006-,Member,State Bureau of Surveying and Mapping,CPC,Leading Party Group
Min Yiren,2005-2006,Director,State Bureau of Surveying and Mapping,National Land Surveying and Mapping Department
Min Yiren,2002-2003,Student,CPC,Central Committee,Central Party School
Min Yiren,1998-2005,Deputy Director,State Bureau of Surveying and Mapping,National Geomatics Center of China
Min Yiren,1998-2005,Secretary,State Bureau of Surveying and Mapping,National Geomatics Center of China,CPC,Party Committee
Min Yiren,1998-1998,Director,State Bureau of Surveying and Mapping,Office for State Basic Surveying and Mapping Facilities Project
Min Yiren,1997-1998,Deputy Director,State Bureau of Surveying and Mapping,National Land Surveying and Mapping Department
Min Yiren,1991-1997,Director,State Bureau of Surveying and Mapping,Technology Department
Min Yiren,1988-1991,Postgraduate,Wuhan Technical University of Surveying and Mapping,Hubei Province,Wuhan City
Min Yiren,1985-1991,Teacher,Wuhan Technical University of Surveying and Mapping,Hubei Province,Wuhan City
Min Yiren,1981-1985,Student,Hubei University,Math Department,Hubei Province,Wuhan City
Ming Yang,1998-2003,Member,CPPCC,National Committee,Standing Committee
Ming Yang,1996-????,President,Shanghai Municipal Buddhist Association,Shanghai Municipality
Ming Yang,1993-????,Vice-President,Buddhist Association of China
Ming Yang,1993-2003,Vice-Chairman,CPPCC,Subcommittee of Ethnic and Religious Affairs
Ming Yang,1988-1993,Member,CPPCC,National Committee,Standing Committee
Ming Yang,1987-1988,Vice-President,Buddhist Association of China
Ming Yang,,Vice-President,Shanghai Municipal Buddhist Association,Shanghai Municipality
Ming Yang,1983-1988,Member,CPPCC,National Committee
Ming Yang,1983-????,Dean,Institute of Buddhist Studies
Ming Yang,1979-????,Abbot,Yu Fo Temple,Shanghai Municipality
Ming Yang,1949-????,Deputy Secretary-General,Shanghai Municipal Buddhist Association,Shanghai Municipality
Ming Yang,1949-????,Executive Council Member,Shanghai Municipal Buddhist Association,Shanghai Municipality
Ming Yang,1927-????,Monk,Seven-Pagoda Temple,Zhejiang Province,Ningbo City
Mo Hong,2014-,Deputy Director,CPC,Central Committee,Reform Office
Mo Jiancheng,2015-,Deputy Secretary,CPC,Provincial Committee,Jiangxi Province
Mo Jiancheng,2013-,Vice-Governor,People's Government,Jiangxi Province
Mo Jiancheng,2012-2017,Alternate Member,CPC,Central Committee
Mo Jiancheng,2012-2017,Delegate,CPC,National Congress
Mo Jiancheng,2010-,Member,CPC,Provincial Committee,Standing Committee,Jiangxi Province
Mo Jiancheng,2010-2013,Director,CPC,Provincial Committee,Organization Department,Jiangxi Province
Mo Jiancheng,2006-2010,Secretary,CPC,Autonomous City Committee,Inner Mongolia Autonomous Region,Baotou City
Mo Jiancheng,2004-2006,Director,CPC,Autonomous Regional Committee,Publicity Department,Inner Mongolia Autonomous Region
Mo Jiancheng,2003-2004,Secretary,CPC,Autonomous City Committee,Inner Mongolia Autonomous Region,Tongliao City
Mo Jiancheng,2001-2003,Mayor,Autonomous Region People's Government,Inner Mongolia Autonomous Region,Tongliao City
Mo Jiancheng,2000-2003,Deputy Secretary,Inner Mongolia Autonomous Region,Tongliao City,Inner Mongolia Autonomous Region,Tongliao City
Mo Jiancheng,2000-2001,Vice-Mayor,Autonomous Region People's Government,Inner Mongolia Autonomous Region,Tongliao City
Mo Jiancheng,1998-2000,Deputy Director,Village and Township Enterprise Bureau,Inner Mongolia Autonomous Region
Mo Jiancheng,1996-1998,Deputy Secretary,Inner Mongolia Autonomous Region,Wuhai City,Inner Mongolia Autonomous Region,Wuhai City
Mo Jiancheng,1993-1998,Vice-Mayor,Autonomous Region People's Government,Inner Mongolia Autonomous Region,Wuhai City
Mo Jiancheng,1991-1993,Secretary-General,Inner Mongolia Autonomous Region,Wuhai City,Inner Mongolia Autonomous Region,Wuhai City
Mo Jiancheng,1989-1992,Student,CPC,Central Committee,Central Party School
Mo Jiancheng,1985-1990,Secretary,CYLC,Autonomous City-Level,Inner Mongolia Autonomous Region,Wuhai City
Mo Jiancheng,1983-1985,Student,Inner Mongolia Agriculture and Animal Husbandry College,Inner Mongolia Autonomous Region
Mo Liqi,2002-,Chairman,Yanzhou Coal Stock Company Limited
Mo Wenxiang,1982-1987,Member,CPC,Central Committee
Mo Wenxiu,1997-2002,Member,CPC,Central Committee
Mo Wenxiu,,Member,All-China Women's Federation,Executive Committee
Mo Wenxiu,,Member,Provincial People's Congress,Standing Committee,Hunan Province
Mo Wenxiu,1993-1994,Deputy Secretary,Hunan Women's Union,CPC,Party Committee,Hunan Province
Mo Wenxiu,1993-1994,Chairman,Hunan Women's Union,Hunan Province
Mo Wenxiu,1989-1993,Deputy Chief,Hunan Women's Union,Hunan Province
Mo Wenxiu,1981-1983,Chief,Ruanling Women's Union,Hunan Province,Ruanling
Mo Wenxiu,1972-1976,Teacher,Ruanling Teachers' College,Hunan Province,Ruanling
Mo Wenxiu,1972-1976,Secretary,Ruanling Teachers' College,CYLC,Institutional Level,Hunan Province,Ruanling
Mo Xianyao,1973-1977,Member,CPC,Central Committee
Mo Xianyao,1969-1973,Member,CPC,Central Committee
Mou Benli,,Vice-Minister,State Ethnic Affairs Commission
Mou Benli,1999-2007,Executive Council Member,China Overseas Friendship Association
Mou Benli,1975,Joined,CPC
Mou Shuling,2000-,Director,Sinopec Corp.
Mou Shuling,2000-,Vice-President,Sinopec Corp.
Mou Shuling,1998-2000,Deputy General Manager,Sinopec Corp.
Mou Xinsheng,2002-2007,Member,CPC,Central Committee
Mou Xinsheng,2001-2008,Director,General Administration of Customs
Mou Xinsheng,,Member,State Flood Control and Drought Relief Headquarters
Mou Xinsheng,1999-,Deputy Director,National Narcotics Control Commission
Mou Xinsheng,1998-2001,Deputy Director,General Administration of Customs
Mou Xinsheng,1998-,Deputy Head,5th National Census Leading Group
Mou Xinsheng,1993-,Member,Leading Group for Settling Ex-Servicemen and Retired Officers
Mou Xinsheng,1993-1998,Vice-Minister,Ministry of Public Security
Mou Xinsheng,1993-,Deputy Commissioner-General,Chinese People's Armed Police Force
Mou Xinsheng,1989-1993,Deputy Director,Ministry of Public Security,Political Department
Mou Xinsheng,1983-1989,Deputy Director,Ministry of Public Security,3rd Bureau
Mou Xinsheng,1981-1983,Section Chief,Ministry of Public Security,2nd Bureau
Mou Xinsheng,1976-1980,Deputy Director,Public Security Bureau,Sub-Bureau,Beijing,Petrochemical Industry Zone
Mou Xinsheng,1975-1976,Deputy Section Chief,Public Security Bureau,Sub-Bureau,Beijing,Petrochemical Industry Zone
Mou Xinsheng,,Joined,CPC
Mou Xinsheng,1970-1973,Staff Member,Public Security Bureau,Xinjiang Uygur Autonomous Region,Tacheng Prefecture
Mou Xinsheng,1968-1970,Cultural Revolution,Cultural Revolution,Sent to the countryside
Mou Xinsheng,1963-1967,Student,Northwest China Institute of Political Science and Law,Shaanxi Province
Mou Xuhang,1998-2003,Deputy,NPC
Mou Xuhang,1996-,Deputy Secretary,Provincial People's Congress,Standing Committee,CPC,Leading Party Group,Sichuan Province
Mou Xuhang,1996-,Deputy Director,Provincial People's Congress,Standing Committee,Sichuan Province
Mou Xuhang,1993-1998,Deputy,NPC
Mou Xuhang,1993-1996,Secretary,CPC,Prefectural Committee,Sichuan Province,Qianjiang Prefecture
Mou Xuhang,1988-1993,Deputy,NPC
Mou Xuhang,1988-1993,Regional Commissioner,People's Government,Sichuan Province,Qianjiang Prefecture
Mou Xuhang,1988-1993,Deputy Secretary,CPC,Prefectural Committee,Sichuan Province,Qianjiang Prefecture
Mou Xuhang,1984-1988,Secretary,CPC,County Committee,Sichuan Province,Qianjiang County
Mou Xuhang,1981-1984,Magistrate,County (District) People's Court,Sichuan Province,Shizhu County
Mou Xuhang,1974-1984,Deputy Secretary,CPC,County Committee,Sichuan Province,Shizhu County
Mou Xuhang,1964-1974,Secretary,CYLC,County-Level,Sichuan Province,Shizhu County
Mou Xuhang,1959,Joined,CPC
Mou Xuhang,1957-1964,Teacher,Sichuan Province,Shizhu County
Mu Degui,2012-,Vice-Governor,People's Government,Guizhou Province
Mu Degui,2011-2012,Assistant Governor,People's Government,Guizhou Province
Mu Degui,2008-2013,Deputy,NPC
Mu Degui,2008-2011,Secretary,CPC,City Committee,Guizhou Province,Zunyi City
Mu Degui,2007-2008,Mayor,People's Government,Guizhou Province,Zunyi City
Mu Degui,2006-2007,Deputy Secretary,CPC,City Committee,Guizhou Province,Zunyi City
Mu Degui,2006-2007,Acting Mayor,People's Government,Guizhou Province,Zunyi City
Mu Degui,2002-2006,Mayor,People's Government,Guizhou Province,Anshui City
Mu Degui,2002-2006,Secretary,People's Government,CPC,Leading Party Group,Guizhou Province,Anshui City
Mu Degui,2000-2006,Deputy Secretary,CPC,City Committee,Guizhou Province,Anshui City
Mu Degui,1982-1997,Deputy Magistrate,County (District) People's Court,Guizhou Province,Kaiyang County
Mu Degui,1978-1982,Student,Guizhou University,Mechanics Department,Guizhou Province,Guiyang City
Mu Guoguang,1993-,Academician,Third World Academy of Sciences
Mu Guoguang,1991-,Academician,Chinese Academy of Sciences
Mu Guoguang,,Professor,Nankai University,Physics Department,Tianjin Municipality
Mu Guoguang,1952,Graduate,Nankai University,Physics Department,Tianjin Municipality
Mu Hong,2007-,Vice-Minister,National Development and Reform Commission
Mu Hong,2007-,Member,National Development and Reform Commission,CPC,Leading Party Group
Mu Hong,2005-2007,Vice-Chairman,Autonomous Region People's Government,Guangxi Zhuang Autonomous Region
Mu Hong,2004-2005,Assistant Chairman,Autonomous Region People's Government,Guangxi Zhuang Autonomous Region
Mu Hong,2004-2007,Secretary,National Development and Reform Commission,Regional Department,CPC,Leading Party Group,Guangxi Zhuang Autonomous Region
Mu Hong,2004-2007,Director,National Development and Reform Commission,Regional Department,Guangxi Zhuang Autonomous Region
Mu Hong,2004-2007,Member,CPC,Autonomous Regional Committee,Leading Party Group,Guangxi Zhuang Autonomous Region
Mu Hong,2004-2007,Member,Autonomous Region People's Government,CPC,Leading Party Group,Guangxi Zhuang Autonomous Region
Mu Hong,2001-2004,Director,National Development and Reform Commission,Foreign Capital and Overseas Investment Department
Mu Hong,1998-2001,Deputy Director,National Development and Reform Commission,Foreign Capital and Overseas Investment Department
Mu Huaping,2016-,Deputy Mayor,People's Government,Chongqing Municipality
Mu Qing,1982-1987,Member,CPC,Central Committee
Mu Zhanying,2012-,Chairman,Key Large-Sized State-Owned Enterprises,Board of Supervisors
Mu Zhanying,2012-2017,Delegate,CPC,National Congress
Mu Zhanying,2008-2013,Deputy,NPC
Mu Zhanying,2007-2012,Delegate,CPC,National Congress
Mu Zhanying,2003-2008,Deputy,NPC
Mu Zhanying,2002-2007,Delegate,CPC,National Congress
Mu Zhanying,1999-2012,Secretary,China Nuclear Engineering Group Corporation (CNEC),CPC,Leading Party Group
Mu Zhanying,1999-2012,General Manager,China Nuclear Engineering Group Corporation (CNEC)
Mu Zhanying,1998-2000,Student,People's University of China,Beijing Municipality
Mu Zhanying,1994-1999,Deputy Director,China National Nuclear Corporation (CNNC),Construction Engineering Bureau
Mu Zhanying,1992-1993,Student,CPC,Central Committee,Central Party School
Mu Zhanying,1988-1994,Deputy Manager,Ministry of Nuclear Industry,23rd Corporation
Mu Zhanying,1978,Graduate,Tongji University,Shanghai Municipality
