Fan Baojun,2003—,Vice-Chairman,CPPCC,National Committee,Subcommittee for Handling Proposals
Fan Baojun,2000—????,Secretary-General,China International Committee for Natural Disaster
Fan Baojun,2000—????,Vice-Chairman,China International Committee for Natural Disaster
Fan Baojun,1998—????,Vice-Chairman,China Committee of the International Decade for Natural Disaster Reduction
Fan Baojun,1998—????,Secretary-General,China Committee of the International Decade for Natural Disaster Reduction
Fan Baojun,1998—2003,Vice-Minister,Ministry of Civil Affairs
Fan Baojun,1998—2003,Member,CPPCC,National Committee,Standing Committee
Fan Baojun,1998—2003,Vice-Chairman,CPPCC,National Committee,Subcommittee for Handling Proposals
Fan Baojun,1995—????,Member,State Flood Control and Drought Relief Headquarters
Fan Baojun,1994—,Vice-President,Red Cross Society of China
Fan Baojun,,President,China Funeral and Interment Association
Fan Baojun,,Vice-President,Chinese Association for Drug Abuse Prevention and Treatment
Fan Baojun,,Secretary-General,China Committee of the International Decade for Natural Disaster Reduction
Fan Baojun,,Deputy Director,China Committee of the International Decade for Natural Disaster Reduction
Fan Baojun,,President,China Disaster Mitigation and Relief Association
Fan Baojun,1993—????,Member,Leading Group for Settling Ex-Servicemen and Retired Officers
Fan Baojun,1987—,Vice-Minister,Ministry of Civil Affairs
Fan Baojun,,Deputy Chief,National Leading Group Concerned With Work Supporting the Army and the People
Fan Baojun,,Director,Civil Affairs Bureau,Tianjin Municipality
Fan Baojun,,Deputy Director,Civil Affairs Bureau,Tianjin Municipality
Fan Baojun,,Secretary,CYLC,District-Level,Tianjin Municipality,Hexi District
Fan Baojun,,Deputy Secretary,CYLC,District-Level,Tianjin Municipality,Hexi District
Fan Baojun,1965,Joined,CPC
Fan Benyao,,Research Fellow,Chinese Academy of Space Technology
Fan Benyao,1958,Graduate,Tsinghua University,Beijing Municipality
Fan Boyuan,2004—,President,Beijing University of Technology,Beijing Municipality
Fan Boyuan,2002—2004,Vice-Mayor,People's Government,Beijing Municipality
Fan Boyuan,1998—2002,Director,Science and Technology Committee,Beijing Municipality
Fan Boyuan,1997—1998,Deputy Director,Municipal Education Committee,Beijing Municipality
Fan Boyuan,1993—1997,Graduate,Beijing Institute of Technology,Beijing Municipality
Fan Changlong,2014—,Deputy Director,Central Military Commission of the PRC,Leading Group for Deepening Reform on National Defense 
Fan Changlong,2013—,Vice-Chairman,Central Military Commission of the PRC
Fan Changlong,2012—,Member,CPC,Central Committee,Politburo
Fan Changlong,2012—,Member,CPC,Central Committee
Fan Changlong,2012—,Vice-Chairman,CPC,Central Committee,Central Military Commission
Fan Changlong,2008—,General,PLA
Fan Changlong,2007—2012,Member,CPC,Central Committee
Fan Changlong,2004—2012,Deputy Secretary,PLA,Regions,Jinan Military Region,CPC,Leading Party Group,Shandong Province,Jinan City
Fan Changlong,2004—2012,Commander,PLA,Regions,Jinan Military Region,Shandong Province,Jinan City
Fan Changlong,2003—2004,Assistant to the Chief of the General Staff,PLA,Headquarters of the General Staff
Fan Changlong,2003—2004,Member,PLA,Headquarters of the General Staff,CPC,Party Committee
Fan Changlong,2002—2007,Alternate Member,CPC,Central Committee
Fan Changlong,2002—2008,Lieutenant General,PLA
Fan Changlong,2000—2003,Chief of Staff,PLA,Regions,Shenyang Military Region,Liaoning Province,Shenyang City
Fan Changlong,2000—2003,Member,PLA,Regions,Shenyang Military Region,CPC,Party Committee,Standing Committee,Liaoning Province,Shenyang City
Fan Changlong,1995—2002,Major General,PLA
Fan Changlong,1995—2000,Army Commander,PLA,Services and Arms,16th Group Army
Fan Changlong,1993—1995,Chief of Staff,PLA,Services and Arms,16th Group Army
Fan Changlong,1990—1993,Division Commander,PLA,Services and Arms,Army (or Ground Force)
Fan Changlong,1985—1990,Chief of Staff,PLA,Services and Arms,Army (or Ground Force),Division Command
Fan Changlong,1982,Graduate,Beijing Military Academy,Beijing Municipality
Fan Changlong,1976—1982,Chief of Staff,PLA,Services and Arms,Army (or Ground Force),Regiment Command
Fan Changlong,1973—1976,Political Director,PLA,Services and Arms,Army (or Ground Force),Company Command
Fan Changlong,1971—1972,Platoon Leader,PLA,Services and Arms,Army (or Ground Force)
Fan Changlong,1969—1971,Soldier,PLA,Services and Arms,Army (or Ground Force)
Fan Changlong,1969,Joined,PLA
Fan Changlong,1969,Joined,CPC
Fan Changlong,1968—1969,Cultural Revolution,Cultural Revolution,Rusticated Youth,Liaoning Province,Donggou County
Fan Daiming,2010—,Vice-President,Chinese Academy of Engineering
Fan Daiming,2008—2013,Deputy,NPC
Fan Daiming,2007—,President,Fourth Military Medical University
Fan Daiming,2004—,Director,Fourth Military Medical University,State Tumor Biology Key Laboratory
Fan Daiming,2001—,Academician,Chinese Academy of Engineering
Fan Daiming,1989,Graduate,Fourth Military Medical University
Fan Daiming,1981,Graduate,Fourth Military Medical University
Fan Daiming,1978,Graduate,Third Military Medical University
Fan Deling,1977—1982,Member,CPC,Central Committee
Fan Deling,1973—1977,Member,CPC,Central Committee
Fan Deling,1969—1973,Alternate Member,CPC,Central Committee
Fan Duanwei,2002—,General Manager,China Foreign Trade Transportation Corporation,Sinotrans Jiuling Transport and Storage Company
Fan Duanwei,2002—,Assistant President,Sinotrans Limited
Fan Duanwei,1995—2002,General Manager,China Foreign Trade Transportation Corporation,Sinotrans Jiuling Transport and Storage Company,Automobile Department
Fan Duanwei,1991—1995,Deputy General Manager,China Foreign Trade Transportation Corporation,Sinotrans Jiuling Transport and Storage Company,Automobile Department
Fan Duanwei,1987—1991,Assistant Manager,China Foreign Trade Transportation Corporation,Sinotrans Jiuling Transport and Storage Company,Automobile Department
Fan Duanwei,,Graduate,Tsinghua University,Beijing Municipality
Fan Fangping,2003—2006,Vice-Minister,Ministry of Justice
Fan Fangping,2003—2006,Member,Ministry of Justice,CPC,Leading Party Group
Fan Fangping,1998—2003,Deputy,NPC
Fan Fangping,1979,Joined,CPC
Fan Gang,2003—,Non-Executive Director,Ping An Insurance Company of China Limited
Fan Gang,,Secretary-General,China Reform Foundation
Fan Gang,1994—1995,Deputy Director,Chinese Academy of Social Sciences,Institute of Economics
Fan Gang,1985—1988,Graduate,Harvard University,USA,Massachusetts,Cambridge
Fan Gang,1982,Graduate,Hebei University,Economics Department,Hebei Province
Fan Gang,1982—1985,Student,Chinese Academy of Social Sciences,Graduate School,Economics Department
Fan Gang,1969—????,Farmer,Production and Construction Corps,Heilongjiang Province
Fan Jingyi,1998—2003,Vice-Chairman,Education, Science, Culture and Health Committee of the NPC
Fan Jingyi,1998—2003,Member,Standing Committee of the NPC
Fan Jingyi,1995—????,President,China Society of News Photography
Fan Jingyi,1993—1998,Editor-in-Chief,People's Daily
Fan Jingyi,1993—1998,Senior Editor,People's Daily
Fan Jingyi,1993—1998,Member,CPPCC,National Committee
Fan Jingyi,1992—1997,Delegate,CPC,National Congress
Fan Jingyi,1987—1992,Delegate,CPC,National Congress
Fan Jingyi,1986—1993,Editor-in-Chief,Economic Daily
Fan Jingyi,1984—1986,Director,Ministry of Culture,Foreign Languages Publishing Bureau
Fan Jingyi,1979—1984,Editor-in-Chief,Liaoning Daily,Liaoning Province
Fan Jingyi,1979—1984,Member,Liaoning Daily,Editorial Board,Liaoning Province
Fan Jingyi,1979—1984,Director,Liaoning Daily,Rural Report Department,Liaoning Province
Fan Jingyi,1979—1984,Deputy Director,Liaoning Daily,Rural Report Department,Liaoning Province
Fan Jingyi,1979—1984,Editor,Liaoning Daily,Rural Report Department,Liaoning Province
Fan Jingyi,1978,Joined,CPC
Fan Jingyi,1951,Graduate,St. John's University,Chinese Language Department,Shanghai Municipality
Fan Mingwu,2001—,President,Huazhong University of Science and Technology,Hubei Province,Wuhan City
Fan Mingwu,1997—2002,Delegate,CPC,National Congress
Fan Mingwu,,President,China Atomic Energy Scientific Research Institute
Fan Mingwu,,Vice-President,China Atomic Energy Scientific Research Institute
Fan Mingwu,,Director,China Atomic Energy Scientific Research Institute,Physics and Laser Department
Fan Mingwu,,Vice-Director,China Atomic Energy Scientific Research Institute,Nuclear Technology Application Department
Fan Mingwu,1965,Graduate,Huazhong Institute of Technology,Hubei Province,Wuhan City
Fan Qinchen,2003—,Chairman,CPPCC,Provincial Committee,Henan Province
Fan Qinchen,2001—2003,Vice-Chairman,CPPCC,Provincial Committee,Henan Province
Fan Qinchen,1997—2002,Alternate Member,CPC,Central Committee
Fan Qinchen,1995—2001,Deputy Secretary,CPC,Provincial Committee,Henan Province
Fan Qinchen,1993—1996,Executive Vice-Governor,People's Government,Henan Province
Fan Qinchen,1992—1997,Alternate Member,CPC,Central Committee
Fan Qinchen,1991—1993,Vice-Governor,People's Government,Henan Province
Fan Qinchen,1983—1988,Mayor,People's Government,Henan Province,Jiaozuo City
Fan Qinchen,1983—1988,Secretary,CPC,City Committee,Henan Province,Jiaozuo City
Fan Qinchen,,Member,CPC,Provincial Committee,Standing Committee,Henan Province
Fan Qinchen,1980—1983,Deputy Secretary,CPC,City Committee,Henan Province,Jiaozuo City
Fan Qinchen,1980—1983,Vice-Mayor,People's Government,Henan Province,Jiaozuo City
Fan Qinchen,1980—1983,Vice-Chairman,Cultural Revolution,Revolutionary Committee,Henan Province,Jiaozuo City
Fan Qinchen,1968—1980,Engineer,1st Refractory Materials Factory,Henan Province,Jiaozuo City
Fan Qinchen,1966,Graduate,Wuhan Institute of Iron and Steel Engineering,Chemical Industrial Department,Hubei Province,Wuhan City
Fan Qinchen,1960,Joined,CPC
Fan Wenlan,1969—1973,Member,CPC,Central Committee
Fan Wenlan,1956—1969,Alternate Member,CPC,Central Committee
Fan Xiaoju,1973—1977,Alternate Member,CPC,Central Committee
Fan Xiaoju,1969—1973,Alternate Member,CPC,Central Committee
Fan Xiaomao,2014—,Deputy Director,State Bureau for Letters and Calls
Fan Xiaomao,2012—2014,Director,State Bureau for Letters and Calls,Comprehensive Instruction Department
Fan Xiaomao,2009—2012,Director,State Bureau for Letters and Calls,Information Center
Fan Xiaomao,2007—2009,Deputy Director,State Bureau for Letters and Calls,Information Center
Fan Xiaomao,2003—2007,Deputy Director,State Bureau for Letters and Calls,Visitor Reception Department
Fan Xiaomao,2003—2007,Deputy Director,State Bureau for Letters and Calls,Supervision Office
Fan Xiaomao,1996—2003,Deputy Director,CPC,Central Committee,General Office,Letters and Calls Bureau
Fan Yuanmou,,Vice-Chairman,Municipal People's Congress,Standing Committee,Beijing Municipality
Fan Yuanmou,,Secretary,Municipal Working Committee of State Organs,Beijing Municipality
Fan Yuanmou,,Director,People's Government,Legislative Affairs Office,Beijing Municipality
Fan Yuanmou,,Secretary-General,People's Government,Beijing Municipality
Fan Yuanmou,,Secretary,Pricing Bureau,CPC,Leading Party Group,Beijing Municipality
Fan Yuanmou,,Director,Pricing Bureau,Beijing Municipality
Fan Yuanmou,,Deputy Director,People's Government,Research Office,Beijing Municipality
Fan Yuanmou,,Secretary,Agricultural Department,Industry and Commerce Corporation,CPC,Party Committee,Beijing Municipality
Fan Yuanmou,,Deputy Manager,Agricultural Department,Industry and Commerce Corporation,Beijing Municipality
Fan Yuanmou,,Deputy Director,CPC,Municipal Committee,Rural Work Committee,Research Office,Beijing Municipality
Fan Yuanmou,1960,Joined,CPC
Fan Zhaobing,2004—,Secretary,Municipal Working Committee of State Organs,CPC,Chongqing Municipality
Fan Zhaobing,2004—,Member,CPC,Municipal Committee,Chongqing Municipality
Fan Zhaobing,2004—,Secretary-General,CPC,Municipal Committee,Chongqing Municipality
Fan Zhaobing,2004—,Director,CPC,Municipal Committee,General Office,Chongqing Municipality
Fan Zhaobing,2000—2004,Deputy Secretary-General,CPC,Municipal Committee,Chongqing Municipality
Fan Zhaobing,1997—2000,Deputy Director,CPC,Municipal Committee,Policy Research Office,Chongqing Municipality
Fan Zhaobing,1993—1997,Deputy Director,Central Economic and Financial Leading Group
Fan Zhaobing,1993—1993,Deputy General Editor,Farmers Journal
Fan Zhaobing,1989—1993,Director,Ministry of Agriculture,Office of the Minister
Fan Zhaobing,1987—1989,Deputy Director,Ministry of Agriculture,Office of the Minister
Fan Zhaobing,1982—1987,Secretary,Ministry of Agriculture,General Office
Fan Zhaobing,1981,Joined,CPC
Fan Zhaobing,1978—1982,Student,Huazhong Agricultural University
Fang Aiqing,2013—,Vice-Minister,Ministry of Commerce
Fang Aiqing,2008—2013,Assistant Minister,Ministry of Commerce
Fang Aiqing,2008—,Member,Ministry of Commerce,CPC,Leading Party Group
Fang Aiqing,2003—2008,Deputy Director,State Cocoon and Silk Coordination Office
Fang Aiqing,2003—2008,Director,Ministry of Commerce,Market Regulation Department
Fang Aiqing,2000—2003,Deputy Director,Ministry of Commerce,Market Regulation Department
Fang Aiqing,2000—2003,Deputy Director,State Economic and Trade Commission,Trade Market Bureau
Fang Aiqing,1998—2000,Director,National Domestic Trade Administration,Consumer Goods Circulation Department
Fang Aiqing,1995—1998,Deputy Director,National Domestic Trade Administration,1st Business Management Department
Fang Aiqing,1982—1995,Cadre,Ministry of Commerce,Labor Salary Department
Fang Fenghui,2012—,Member,CPC,Central Committee,Central Military Commission
Fang Fenghui,2012—2017,Chief of the General Staff,PLA,Headquarters of the General Staff
Fang Fenghui,2012—,Member,CPC,Central Committee
Fang Fenghui,2010—,General,PLA
Fang Fenghui,2008—2013,Deputy,NPC
Fang Fenghui,2007—2012,Commander,PLA,Regions,Beijing Military Region,Beijing Municipality
Fang Fenghui,2007—2012,Member,CPC,Central Committee
Fang Fenghui,2007—2012,Deputy Secretary,PLA,Regions,Beijing Military Region,CPC,Party Committee,Beijing Municipality
Fang Fenghui,2005—2010,Lieutenant General,PLA
Fang Fenghui,2003—2007,Member,PLA,Regions,Guangzhou Military Region,CPC,Party Committee,Guangdong Province,Guangzhou City
Fang Fenghui,2003—2007,Chief-of-Staff,PLA,Regions,Guangzhou Military Region,Guangdong Province,Guangzhou City
Fang Fenghui,1999—2003,Commander,PLA,Services and Arms,Army (or Ground Force)
Fang Fenghui,1998—2005,Major General,PLA
Fang Fenghui,1997—1999,Deputy Commander,PLA,Services and Arms,Army (or Ground Force)
Fang Fenghui,1968,Joined,PLA
Fang Fengyou,1998—2003,Member,CPPCC,National Committee
Fang Fengyou,1998—,Chairman,CPPCC,Municipal Committee,Tianjin Municipality
Fang Fengyou,1997—2002,Alternate Member,CPC,Central Committee
Fang Fengyou,1995—1998,Deputy Secretary,CPPCC,Municipal Committee,Tianjin Municipality
Fang Fengyou,1995—,Deputy Secretary,CPC,Municipal Committee,Tianjin Municipality
Fang Fengyou,1992—1995,Member,CPC,Municipal Committee,Standing Committee,Tianjin Municipality
Fang Fengyou,1991—1995,Head,CPC,Municipal Committee,Organization Department,Tianjin Municipality
Fang Fengyou,1988—1991,Secretary-General,People's Government,Tianjin Municipality
Fang Fengyou,1986—1988,Director,People's Government,General Office,Tianjin Municipality
Fang Fengyou,1982—1986,Director,CPC,Municipal Committee,General Office,Tianjin Municipality
Fang Fengyou,1979—1982,Deputy Director,CPC,Provincial Committee,General Office,Hebei Province
Fang Fengyou,1979—1982,First Secretary,CPC,Provincial Committee,Hebei Province
Fang Fengyou,1977—1979,First Secretary,CPC,Provincial Committee,Guizhou Province
Fang Fengyou,1977—1979,Deputy Director,CPC,Provincial Committee,General Office,Guizhou Province
Fang Fengyou,1975—1977,Deputy Director,CPC,Provincial Committee,General Office,Hebei Province
Fang Fengyou,1969—1975,Editor,Hebei Daily
Fang Fengyou,1969—1975,Deputy Director,Hebei Daily,Investigation and Research Division,Hebei Province
Fang Fengyou,1964—1969,Cadre,CPC,Provincial Committee,Organization Department,Hebei Province
Fang Fengyou,1961,Joined,CPC
Fang Fengyou,1960—1964,Student,Hebei Normal University,History Department,Hebei Province,Shijiazhuang City
Fang Ming,1969—1973,Alternate Member,CPC,Central Committee
Fang Rongxin,1992—,Vice-Chairman,Chinese Peasants and Workers Democratic Party,Central Committee
Fang Rongxin,,Vice-Chairman,Chinese Peasants and Workers Democratic Party,Central Committee
Fang Rongxin,1978—1983,Deputy Secretary-General,CPPCC,National Committee
Fang Rongxin,1978—1997,Member,CPPCC,National Committee,Standing Committee
Fang Rongxin,,Director,Chinese Peasants and Workers Democratic Party,Executive Bureau
Fang Rongxin,,Member,Chinese Peasants and Workers Democratic Party,Central Committee,Standing Committee
Fang Rongxin,,Secretary-General,Chinese Peasants and Workers Democratic Party
Fang Rongxin,,Member,CPPCC,Municipal Committee,Standing Committee,Beijing Municipality
Fang Rongxin,,Secretary-General,CPPCC,Municipal Committee,Beijing Municipality
Fang Rongxin,,Member,Chinese People's Institute of  Foreign Affairs
Fang Rongxin,,Councilor,State Council
Fang Rongxin,,Deputy Director,Government Offices Administration of the State Council
Fang Rongxin,1946—1948,Commissioner,Chinese KMT
Fang Rongxin,1938—????,Director,Qianjin News,General Affairs Department
Fang Rongxin,,Joined,Chinese KMT,Temporary Action Committee
Fang Shouxian,1991—,Academician,Chinese Academy of Sciences
Fang Shouxian,,Chairman,State BEPC Lab
Fang Shouxian,,Researcher,Chinese Academy of Sciences,High Energy Physics Research Institute
Fang Shouxian,1955,Graduate,Fudan University,Shanghai Municipality
Fang Weizhong,,Chief Editor,Chronicle of Major Economic Events
Fang Weizhong,,Deputy Editor,China Economic Yearbook
Fang Weizhong,,Professor,People's University of China,Beijing Municipality
Fang Weizhong,,Professor,Beijing University,Beijing Municipality
Fang Weizhong,,Vice-Chairman,China Enterprise Management Association
Fang Weizhong,,Vice-Chairman,China Planning Society
Fang Weizhong,,President,China Macroeconomics Society
Fang Weizhong,1993—2003,Chairman,CPPCC,National Committee,Economics Committee
Fang Weizhong,1993—2003,Member,CPPCC,National Committee,Standing Committee
Fang Weizhong,1992—1997,Alternate Member,CPC,Central Committee
Fang Weizhong,1987—1992,Member,CPC,Central Committee
Fang Weizhong,1982—1987,Alternate Member,CPC,Central Committee
Fang Weizhong,1977—1993,Deputy Secretary,National Development and Reform Commission,CPC,Leading Party Group
Fang Weizhong,1977—1993,Vice-Minister,National Development and Reform Commission
Fang Weizhong,1961—1965,Researcher,CPC,Central Committee,General Office
Fang Weizhong,1952—1961,Deputy Director,National Development and Reform Commission,Research and Editing Division
Fang Weizhong,1950—1952,Secretary,CPC,Northeast Bureau,Publicity Department
Fang Weizhong,1950,Joined,CPC
Fang Weizhong,1947—1949,Student,Northeast China Teachers' University,Jilin Province
Fang Xin,2008—2013,Member,Standing Committee of the NPC
Fang Xin,2008—2013,Member,Education, Science, Culture and Health Committee of the NPC
Fang Xin,,Deputy Secretary,Chinese Academy of Sciences,CPC,Leading Party Group
Fang Xin,2003—2008,Member,Standing Committee of the NPC
Fang Xin,2002—2007,Delegate,CPC,National Congress
Fang Xin,1997,Graduate,Tsinghua University,Beijing Municipality
Fang Xinghai,2015—,Vice-Chairman,China Securities Regulatory Commission
Fang Xinghai,2001—2015,Deputy Chief Executive Officer,Shanghai Stock Exchange,Shanghai Municipality
Fang Xinghai,2000—2001,Member,China Galaxy Securities Company,Management Committee
Fang Xinghai,2000—2001,Secretary-General,China Galaxy Securities Company,Management Committee
Fang Xinghai,1998—2000,Director,China Construction Bank,Coordination Office,Beijing Municipality
Fang Xinghai,1993,Graduate,Stanford University,USA,California,Stanford
Fang Xinghai,1993—1998,Investment Officer,The World Bank,USA,Washington D.C.
Fang Xinghai,1986,Graduate,Tsinghua University,Beijing Municipality
Fang Yi,1988—1993,Vice-Chairman,CPPCC,National Committee
Fang Yi,1982—1987,Member,CPC,Central Committee
Fang Yi,1977—1982,Member,CPC,Central Committee
Fang Yi,1973—1977,Member,CPC,Central Committee
Fang Yi,1969—1973,Alternate Member,CPC,Central Committee
Fang Zhaoben,1998—,Vice-Chairman,CPPCC,Provincial Committee,Anhui Province
Fang Zhaoben,1997—2003,Member,CPPCC,National Committee,Standing Committee
Fang Zhaoben,1997—,Chairman,China Democratic National Construction Association
Fang Zhaoben,,Vice-Chairman,China Democratic National Construction Association
Fang Zhaoben,,Vice-President,University of Science and Technology of China,Institute of Commerce,Anhui Province
Fang Zhaoxiang,2000—,Chairman,CPPCC,Provincial Committee,Anhui Province
Fang Zhaoxiang,1998—2003,Deputy,NPC
Fang Zhaoxiang,1993—,Deputy Secretary,CPC,Provincial Committee,Anhui Province
Fang Zhaoxiang,1992—1997,Delegate,CPC,National Congress
Fang Zhaoxiang,1990—,Member,CPC,Provincial Committee,Standing Committee,Anhui Province
Fang Zhaoxiang,1990—1993,Secretary-General,CPC,Provincial Committee,Anhui Province
Fang Zhaoxiang,1971,Joined,CPC
Fang Zuqi,1998—,General,PLA,Services and Arms,Group Army
Fang Zuqi,1997—2002,Member,CPC,Central Committee
Fang Zuqi,1993—2000,Political Commissar,PLA,Regions,Nanjing Military Region
Fang Zuqi,1993—1998,Lieutenant General,PLA,Services and Arms,Group Army
Fang Zuqi,1992—1993,Director,PLA,Regions,Beijing Military Region,Political Department
Fang Zuqi,1990—1992,Director,PLA,Regions,Guangzhou Military Region,Political Department
Fang Zuqi,1988—1990,Political Commissar,PLA,Services and Arms,Group Army
Fang Zuqi,1988—1993,Major General,PLA,Services and Arms,Group Army
Fang Zuqi,1984—1985,Director,PLA,Regions,Shenyang Military Region,Cadre Department
Fang Zuqi,1984—1988,Deputy Director,PLA,Regions,Shenyang Military Region,Political Department
Fang Zuqi,1983—1984,Secretary-General,PLA,Regions,Shenyang Military Region,Cadre Department
Fang Zuqi,1980—1983,Deputy Director,PLA,Regions,Shenyang Military Region,Cadre Department
Fang Zuqi,1970—1980,Section Chief,PLA,Regions,Shenyang Military Region,Cadre Department
Fang Zuqi,1969—1970,Deputy Regiment Political Commissar,PLA,Services and Arms,Army (or Ground Force)
Fang Zuqi,1963—1969,Deputy Director,PLA,Services and Arms,Army (or Ground Force),Division Organization Section
Fang Zuqi,1959—1963,Assistant,PLA,Services and Arms,Army (or Ground Force),Cadre Department
Fang Zuqi,1956,Joined,CPC
Fang Zuqi,1951,Joined,PLA
Fei Xiaotong,1997—,Honorary President,China Overseas Friendship Association
Fei Xiaotong,1996—,Honorary Chairman,China Democratic League
Fei Xiaotong,1995,Honorary Professor,Tongji University,Shanghai Municipality
Fei Xiaotong,1993—1998,Vice-Chairman,Standing Committee of the NPC
Fei Xiaotong,1993—1998,Deputy,NPC
Fei Xiaotong,1992—1996,Chairman,China Democratic League
Fei Xiaotong,1988—1993,Deputy,NPC
Fei Xiaotong,1988—1993,Vice-Chairman,Standing Committee of the NPC
Fei Xiaotong,1983—1988,Vice-Chairman,CPPCC,National Committee
Fei Xiaotong,1982,Honorary Academician,University of London,Political Economy College,United Kingdom,London
Fei Xiaotong,1982—????,President,China Sociology Society
Fei Xiaotong,1978—1983,Member,CPPCC,National Committee,Standing Committee
Fei Xiaotong,,Vice-Chairman,Committee for Drafting Basic Law,Hong Kong SAR
Fei Xiaotong,,Member,State Academic Degrees Committee
Fei Xiaotong,1964—1978,Member,CPPCC,National Committee
Fei Xiaotong,,Director,Chinese Academy of Social Sciences,Sociology Research Institute
Fei Xiaotong,,Deputy Director,Chinese Academy of Social Sciences,Nationalities Research Institute
Fei Xiaotong,1959—1964,Member,CPPCC,National Committee
Fei Xiaotong,,Deputy Director,Foreign Experts Affairs Bureau
Fei Xiaotong,,Vice-Minister,Nationality Affairs Commission
Fei Xiaotong,1954—1959,Member,CPPCC,National Committee
Fei Xiaotong,1954—1959,Deputy,NPC
Fei Xiaotong,,Professor,Central Institute for Ethnic Minorities,Beijing Municipality
Fei Xiaotong,1951,Founder,Central Institute for Ethnic Minorities,Beijing Municipality
Fei Xiaotong,1949—1954,Deputy,CPPCC,National Committee
Fei Xiaotong,,Professor,Tsinghua University,Beijing Municipality
Fei Xiaotong,1939—????,Professor,Yunnan University,Yunnan Province
Fei Xiaotong,1938,Student,University of London,United Kingdom,London
Fei Xiaotong,1938,Fellow,Royal Anthropological Institute,United Kingdom,London
Fei Xiaotong,1930—1935,Student,Tsinghua University,Beijing Municipality
Feng Baiju,1956—1969,Alternate Member,CPC,Central Committee
Feng Bing,2000—,Editor-in-Chief,Economic Daily
Feng Bing,1996—2000,Deputy Editor-in-Chief,Economic Daily
Feng Bing,1993—1996,Deputy Secretary-General,State Commission for Restructuring the Economy
Feng Bo,1997,Founder,China Vest
Feng Bo,1997—,Executive Director,China Vest
Feng Changgen,2008—2013,Member,Standing Committee of the NPC
Feng Changgen,2008—2013,Deputy,NPC
Feng Changgen,2008—2013,Member,Education, Science, Culture and Health Committee of the NPC
Feng Changgen,2007—2012,Delegate,CPC,National Congress
Feng Changgen,2007—2010,Deputy Director,Ministry of Education,Safety Engineering Education Guidance Committee
Feng Changgen,2007—2008,Chairman,Science Council of Asia
Feng Changgen,2003—2008,Deputy,NPC
Feng Changgen,2003—2008,Member,Education, Science, Culture and Health Committee of the NPC
Feng Changgen,2002—2007,Delegate,CPC,National Congress
Feng Changgen,2001—,Member,China Association for Science and Technology,Secretariat
Feng Changgen,1999—2001,Vice-President,Beijing Institute of Technology,Beijing Municipality
Feng Changgen,1997—2002,Delegate,CPC,National Congress
Feng Changgen,1992—1997,Delegate,CPC,National Congress
Feng Changgen,1983,Graduate,University of Leeds,United Kingdom,Leeds
Feng Chunbo,1986—????,Vice-President,Southeast China University,Graduate School
Feng Chunbo,,Professor,Southeast China University,Automation Research Institute
Feng Chunbo,1984—????,Doctoral Supervisor,Southeast China University,Automation Research Institute
Feng Chunbo,1983—1991,Vice-Director,Southeast China University,Automation Research Institute
Feng Chunbo,1958,Graduate,Leningrad Institute of Technology,Electro-Mechanics Department,Russia,St. Petersburg
Feng Chunbo,1953,Postgraduate Student,Harbin Institute of Technology,Electric Machinery Department,Heilongjiang Province,Harbin City
Feng Chunbo,1950,Graduate,Zhejiang University,Electro-Mechanics Department,Zhejiang Province
Feng Cui,,Member,All-China Women's Federation,Standing Committee
Feng Cui,1998—2000,Member,United Nations,Committee for Eliminating Discrimination against Women
Feng Cui,1998—2003,Member,CPPCC,National Committee
Feng Cui,1996—,Secretary,All-China Women's Federation,Secretariat
Feng Cui,1996—1998,Chief,All-China Women's Federation,International Communication Department
Feng Cui,,Deputy Chief,Ministry of Foreign Affairs,International Department
Feng Cui,1991—1996,Counselor,United Nations,Chinese Delegation
Feng Cui,1983—1991,Interpreter,United Nations,Liaison Office,Chinese Department
Feng Cui,1983—1991,First Secretary,Chinese Delegation,Switzerland,Geneva
Feng Duan,1980—,Academician,Chinese Academy of Sciences
Feng Duan,,Professor,Nanjing University,Jiangsu Province,Nanjing City
Feng Duan,1946,Graduate,Central University for Nationalities,Beijing Municipality
Feng Fei,2016—,Vice-Governor,People's Government,Zhejiang Province
Feng Guoqin,2008—,Chairman,CPPCC,Municipal Committee,Shanghai Municipality
Feng Guoqin,2002—2008,Member,CPC,Municipal Committee,Standing Committee,Shanghai Municipality
Feng Guoqin,1996—2008,Vice-Mayor,People's Government,Shanghai Municipality
Feng Guoqin,,Director,People's Government,General Office,Shanghai Municipality
Feng Guoqin,,Secretary-General,People's Government,Shanghai Municipality
Feng Guoqin,,Deputy Secretary-General,People's Government,Shanghai Municipality
Feng Guoqin,,Deputy Secretary-General,CPC,Municipal Committee,Standing Committee,Shanghai Municipality
Feng Guoqin,,Secretary,CPC,County Committee,Shanghai,Jiading County
Feng Guoqin,,Secretary,CPC,County Committee,Shanghai,Fengxian County
Feng Guoqin,,Deputy Secretary,CPC,County Committee,Shanghai,Fengxian County
Feng Guoqin,,Graduate,CPC,Central Committee,Central Party School
Feng Henggao,1992—1997,Alternate Member,CPC,Central Committee
Feng Hongshun,,Member,China Democratic League,Central Committee,Standing Committee
Feng Hongshun,1998—2003,Member,CPPCC,National Committee,Standing Committee
Feng Hongshun,1998—,Vice-Chairman,CPPCC,Provincial Committee,Henan Province
Feng Hongshun,1993—1998,Member,CPPCC,National Committee,Standing Committee
Feng Hongshun,1988—1993,Member,CPPCC,National Committee
Feng Hongshun,,Vice-Chairman,City People's Congress,Standing Committee,Henan Province,Pingdingshan City
Feng Hongshun,1986—????,Vice-Chairman,China Democratic League,Provincial Committee,Henan Province
Feng Hongshun,1986,Joined,China Democratic League
Feng Hongshun,1983—1988,Deputy,NPC
Feng Hongshun,,President,Henan Urban Construction and Environmental Protection School,Henan Province
Feng Hongshun,,Senior Engineer,Ministry of Metallurgical Industry,No. 6 Metallurgical Construction Company
Feng Hongshun,,Deputy Chief Engineer,Ministry of Metallurgical Industry,No. 6 Metallurgical Construction Company
Feng Hongshun,,Engineer,Ministry of Metallurgical Industry,No. 6 Metallurgical Construction Company
Feng Hongshun,,Deputy Chief,Northwest Mining and Metallurgy No. 4 Company,Technical Section
Feng Hongshun,,Engineer,Northwest Mining and Metallurgy No. 4 Company,Technical Section
Feng Hongshun,,Technician,Northwest Mining and Metallurgy No. 4 Company,Technical Section
Feng Hongshun,1955,Graduate,Tsinghua University,Civil Engineering Department,Beijing Municipality
Feng Huimin,2012—,Member,CPC,Central Committee,Central Commission for Discipline Inspection
Feng Jianshen,2011—,Chairman,CPPCC,Provincial Committee,Gansu Province
Feng Jianshen,2004—,Vice-Governor,People's Government,Gansu Province
Feng Jianshen,2001—2004,Deputy Board Chairman,National Council for Social Security Fund
Feng Jianshen,2001—2004,Member,National Council for Social Security Fund,CPC,Leading Party Group
Feng Jianshen,2000—2001,Member,Ministry of Finance,CPC,Leading Party Group
Feng Jianshen,2000—2001,Assistant Minister,Ministry of Finance
Feng Jianshen,1999—1999,Student,Columbia University,USA,New York,New York
Feng Jianshen,1998—2000,Director,National Debt and Financial Department
Feng Jianshen,1997—1999,Graduate,Harbin University of Science and Technology,Management Science Department,Heilongjiang Province,Harbin City
Feng Jianshen,1996—1998,Director-General,Ministry of Finance,Budget Department
Feng Jianshen,1995—1996,Director-General,Ministry of Finance,Capital Construction Department
Feng Jianshen,1993—1995,Deputy Director-General,Ministry of Finance,Budget Department
Feng Jianshen,1989—1992,Graduate,Harbin University of Science and Technology,Heilongjiang Province,Harbin City
Feng Jianshen,1985—1988,Student,Harbin Normal University,Political Educational Department,Heilongjiang Province,Harbin City
Feng Jianshen,1978—1993,Secretary,Finance Bureau,CPC,Party Committee,Heilongjiang Province,Harbin City
Feng Jianshen,1978—1993,Director,Finance Bureau,Heilongjiang Province,Harbin City
Feng Jianshen,1978—1993,Deputy Division Chief,Finance Bureau,Heilongjiang Province,Harbin City
Feng Jianzhong,2005—,Deputy Director,State General Administration of Sports
Feng Jianzhong,2004—2005,Vice-Chairman,Chinese Olympic Committee
Feng Jianzhong,2004—2005,Vice-Chairman,All-China Sports Association
Feng Jicai,2001—????,Dean,Tianjin University,Feng Jicai Literature and Art Institute,Tianjin Municipality
Feng Jicai,1998—2003,Member,CPPCC,National Committee,Standing Committee
Feng Jicai,1997—2002,Vice-Chairman,China Association for Promoting Democracy,Central Committee
Feng Jicai,1993—1998,Member,CPPCC,National Committee
Feng Jicai,1988—1993,Member,CPPCC,National Committee
Feng Jicai,1988—????,Executive Vice-Chairman,China Federation of Literary and Art Circles (CFLAC),National Committee
Feng Jicai,1986—????,Council Member,Chinese Writers Association
Feng Jicai,1986—????,Editor-In-Chief,Free Forum on Literature
Feng Jicai,1986—????,Vice-Chairman,Chinese Society for Study of Folk Literature and Art,Tianjin Municipality
Feng Jicai,1986—????,Vice-Chairman,Chinese Writers Association,Tianjin Municipality
Feng Jicai,1986—????,Vice-Chairman,Tianjin Federation of Literary and Art Circles,Tianjin Municipality
Feng Jicai,1983—1988,Member,CPPCC,National Committee
Feng Jicai,1983,Joined,China Association for Promoting Democracy (CAPD)
Feng Jicai,1978—????,Writer,Tianjin Municipal Writers Association,Tianjin Municipality
Feng Jicai,1962—????,Painter,Tianjin Calligraphic and Painting Studio,Tianjin Municipality
Feng Kexi,1998—2003,Member,CPPCC,National Committee,Standing Committee
Feng Kexi,1997—,Vice-Chairman,Municipal People's Congress,Standing Committee,Chongqing Municipality
Feng Kexi,1993—1998,Member,CPPCC,National Committee,Standing Committee
Feng Kexi,,Chairman,China Democratic League,Municipal Committee,Chongqing Municipality
Feng Kexi,1988—1993,Deputy Secretary-General,CPPCC,National Committee
Feng Kexi,1988—1993,Member,CPPCC,National Committee
Feng Kexi,1983—1988,Member,CPPCC,National Committee
Feng Kexi,,Member,China Democratic League,Central Committee,Standing Committee
Feng Kexi,,Vice-Chairman,China Democratic League,Provincial Committee,Sichuan Province
Feng Kexi,,Vice-Chairman,China Democratic League,Municipal Committee,Chongqing Municipality
Feng Kexi,,President,Chongqing City Social Institute,Chongqing Municipality
Feng Kexi,,Vice-Mayor,People's Government,Chongqing Municipality
Feng Kexi,,Deputy Secretary-General,Municipal People's Congress,Chongqing Municipality
Feng Kexi,,Deputy Director,Finance and Economic Committee,Planning Division,Chongqing Municipality
Feng Kexi,1950—????,Director,Administration for Industry and Commerce,Research Office,Chongqing Municipality
Feng Kexi,,Head,China Democratic League,Municipal Committee,Publicity Department,Chongqing Municipality
Feng Kexi,,Member,China Democratic League,Municipal Committee,Work Committee,Chongqing Municipality
Feng Kexi,,Manager,Democracy Journal
Feng Kexi,,Editor-in-Chief,Guomin Gongbao
Feng Kexi,,Representative,Huaxi Daily
Feng Kexi,,General Manager,Qunyi Press
Feng Kexi,,Editor,Xinshu Bao
Feng Kexi,1945,Joined,China Democratic League
Feng Kexi,1942,Graduate,Southwest Associated University,Yunnan Province,Kunming City
Feng Kexu,1998—2003,Member,CPPCC,National Committee,Standing Committee
Feng Kexu,1993—1998,Member,Standing Committee of the NPC
Feng Kexu,1992—1997,Vice-Chairman,China Democratic National Construction Association,Central Committee
Feng Kexu,1988—1993,Member,CPPCC,National Committee
Feng Kexu,1988—1993,Deputy Secretary-General,CPPCC,National Committee
Feng Kexu,1983—1988,Member,CPPCC,National Committee
Feng Kexu,,Member,China Democratic National Construction Association,Central Committee,Standing Committee
Feng Kexu,,Member,China Democratic National Construction Association,Central Committee,Executive Bureau
Feng Kexu,,Head,China Democratic National Construction Association,Central Committee,Consulting and Training Department
Feng Kexu,,Deputy Director,China Democratic National Construction Association,Central Committee,General Office
Feng Kexu,1959—1979,Deputy Secretary-General,China Democratic National Construction Association,Central Committee
Feng Kexu,1959—1979,Secretary-General,China Democratic National Construction Association,Central Committee
Feng Kexu,,Office Secretary,China Democratic National Construction Association,Provincial Committee,Sichuan Province
Feng Kexu,1955,Joined,China Democratic National Construction Association,Central Committee
Feng Kexu,1949—????,Section Chief,Chongqing City Federation of Industry and Commerce,Chongqing Municipality
Feng Kexu,1949—????,Secretary,Sichuan Provincial Federation of Industry and Commerce,Sichuan Province
Feng Kexu,1945,Joined,China Democratic League
Feng Kexu,,Special Correspondent,Industry and Commerce Herald
Feng Kexu,,Editor,Kou Ming Kung Poa
Feng Kexu,,Reporter,Kou Ming Kung Poa
Feng Kexu,1945,Graduate,Guanghua University,Shanghai Municipality
Feng Lun,1991—,Chairman,Wantong Industrial Group
Feng Lun,1991—,Director,China Minsheng Bank
Feng Lun,,Deputy Chief,State Commission for Restructuring the Economy,China Economic Restructuring Research Institute,Comparative System Research Office
Feng Lun,,Executive Deputy Director,Hainan Reform and Development Research Institute,Hainan Province
Feng Lun,,Worker,CPC,Central Committee,Publicity Department,Theoretical Research Office
Feng Lun,1984—1988,Lecturer,CPC,Central Committee,Central Party School,Marxism and Leninism Research Institute
Feng Lun,1982,Graduate,Northwest University,Economics Department
Feng Lun,1982,Graduate,CPC,Central Committee,Central Party School
Feng Pinde,1977—1982,Alternate Member,CPC,Central Committee
Feng Pinde,1973—1977,Alternate Member,CPC,Central Committee
Feng Shidong,2001—,Vice-President,State Development and Investment Corporation
Feng Shidong,1996—2001,Secretary,State Coal Industry Bureau,General Office
Feng Shidong,1986—1990,Deputy General Manager,China National Energy Investment Corporation
Feng Shidong,1986—1996,Secretary,China National Energy Investment Corporation,General Office
Feng Shidong,1981—1986,General Manager,State Development and Investment Corporation,Coal Department
Feng Shidong,1981—1986,Deputy General Manager,State Development and Investment Corporation
Feng Tiyun,1998—2003,Vice-Chairman,CPPCC,National Committee,Committee for Social and Legal Affairs
Feng Tiyun,1998—2003,Member,CPPCC,National Committee,Standing Committee
Feng Tiyun,1993—1998,Vice-Chairman,CPPCC,National Committee,Subcommittee of Law
Feng Tiyun,1993—1998,Member,CPPCC,National Committee,Standing Committee
Feng Tiyun,1988—1993,Member,CPPCC,National Committee,Standing Committee
Feng Tiyun,1988—1998,Vice-President,China United Front Theory Research Association
Feng Tiyun,,Vice-President,China Vocational Education Society
Feng Tiyun,1987—,Vice-Chairman,China Democratic National Construction Association,Central Committee,Executive Bureau
Feng Tiyun,,Deputy Director,China Democratic National Construction Association,Central Committee,Executive Bureau
Feng Tiyun,,Advisor,All-China Federation of Industry and Commerce,Executive Committee
Feng Tiyun,1983—1998,Member,CPPCC,National Committee
Feng Tiyun,1983—1988,Deputy Secretary-General,CPPCC,National Committee
Feng Tiyun,,Vice-Chairman,Zhejiang Provincial Federation of Industry and Commerce,Zhejiang Province
Feng Tiyun,,Vice-Chairman,CPPCC,Provincial Committee,Zhejiang Province
Feng Tiyun,1960—1981,Vice-Chairman,China Democratic National Construction Association,Provincial Committee,Zhejiang Province
Feng Tiyun,1951—????,Vice-Chairman,Ningbo City Federation of Industry and Commerce,Zhejiang Province,Ningbo City
Feng Tiyun,1951—????,Vice-Chairman,China Democratic National Construction Association,City Committee,Zhejiang Province,Ningbo City
Feng Tiyun,1951,Joined,China Democratic National Construction Association
Feng Tiyun,1946—1949,Director,Zhengda Match Factory
Feng Tiyun,1946,Graduate,Soochow University,Taiwan
Feng Wei,2014—,Deputy Director,Hong Kong and Macao Affairs Office of the State Council
Feng Xinde,,Guest Professor,Kyoto University,Japan Research Center of Medical High Polymer Materials,Japan,Kyoto
Feng Xinde,,Advisor,Sinopec Corp.
Feng Xinde,,Guest Professor,University of Washington,Biological Engineering Center,USA,Washington,Seattle
Feng Xinde,1980—,Academician,Chinese Academy of Sciences
Feng Xinde,1952—2003,Professor,Beijing University,Beijing Municipality
Feng Xinde,1948—1952,Professor,Tsinghua University,Beijing Municipality
Feng Xinde,1945—1948,Student,University of Notre Dame,Chemistry Department,USA,Indiana,Notre Dame
Feng Xinde,1937,Graduate,Tsinghua University,Beijing Municipality
Feng Xinsheng,,Deputy Director,State Post Bureau
Feng Xinsheng,1996—1998,Postgraduate Student,Chinese Academy of Social Sciences,Graduate School,Industrial Economy Department
Feng Xinsheng,1972—1975,Student,Beijing Institute of Posts and Telecommunications,Microwave Communications Department,Beijing Municipality
Feng Xinsheng,1970,Joined,CPC
Feng Xinzhu,2015—,Vice-Governor,People's Government,Shaanxi Province
Feng Xiong,2001—,Executive Director,China Telecom Corporation
Feng Xiong,2000—,Chairman,Guangdong Telecom Company,Guangdong Province
Feng Xiong,2000—,General Manager,Guangdong Telecom Company,Guangdong Province
Feng Xiong,1986—1992,Deputy Chief Engineer,Telecommunications Bureau,Jiangsu Province,Nanjing City
Feng Xiong,1986—1992,Chief Engineer,Telecommunications Bureau,Jiangsu Province,Nanjing City
Feng Xuan,1977—1982,Member,CPC,Central Committee
Feng Xuan,1973—1977,Member,CPC,Central Committee
Feng Yuanwei,1998—2003,Member,CPPCC,National Committee,Standing Committee
Feng Yuanwei,1996—,Vice-Chairman,China Federation of Literary and Art Circles (CFLAC)
Feng Yuanwei,1993—1998,Member,CPPCC,National Committee,Standing Committee
Feng Yuanwei,1988—1993,Member,CPPCC,National Committee,Standing Committee
Feng Yuanwei,1987—1992,Delegate,CPC,National Congress
Feng Yuanwei,1982—1987,Delegate,CPC,National Congress
Feng Yuanwei,1982—????,Secretary,Ethnic Affairs Committee,Sichuan Province
Feng Yuanwei,1982—????,Deputy Secretary,CPC,Provincial Committee,Sichuan Province
Feng Yuanwei,,Chairman,CPPCC,Provincial Committee,Sichuan Province
Feng Yuanwei,,Vice-President,Southwest China Institute for Ethnic Minorities,Sichuan Province
Feng Yuanwei,,Associate Professor,Southwest China Institute for Ethnic Minorities,Sichuan Province
Feng Yuanwei,1954,Joined,CPC
Feng Yuanwei,1952,Graduate,Southwest China Institute for Ethnic Minorities,Sichuan Province
Feng Zhanwu,1977—1982,Alternate Member,CPC,Central Committee
Feng Zhanwu,1973—1977,Alternate Member,CPC,Central Committee
Feng Zhanwu,1969—1973,Alternate Member,CPC,Central Committee
Feng Zhenglin,2016—,Director,Civil Aviation Administration of China
Feng Zhenglin,2003—2016,Member,Ministry of Communications,CPC,Leading Party Group
Feng Zhenglin,2003—2016,Vice-Minister,Ministry of Communications
Feng Zhenglin,1997,Joined,CPC
Feng Zhenglin,1995—1998,Deputy Director,Communications Department,Tibet Autonomous Region
Feng Zhenglin,,Director,Ministry of Communications
Feng Zhenglin,,Deputy Department Director,Ministry of Communications
Feng Zhenglin,,Assistant Inspector,Ministry of Communications
Feng Zhenglin,,Division Chief,Ministry of Communications
Feng Zhenglin,,Deputy Division Chief,Ministry of Communications
Feng Zhenglin,1982—????,Assistant Engineer,Ministry of Communications
Feng Zhenglin,1978—1982,Student,Xi'an Highway Institute,Highway Department,Shaanxi Province,Xi'an City
Feng Zhijun,1998—2003,Vice-Chairman,Ethnic Affairs Committee of the NPC
Feng Zhijun,1998—2003,Member,Standing Committee of the NPC
Feng Zhijun,1994—????,President,China United Front Theory Research Association
Feng Zhijun,1994—????,President,China Population Welfare Foundation
Feng Zhijun,1993—1998,Member,Ethnic Affairs Committee of the NPC
Feng Zhijun,1993—1998,Member,Standing Committee of the NPC
Feng Zhijun,1988—1993,Member,Standing Committee of the NPC
Feng Zhijun,1983—1988,Deputy,NPC
Feng Zhijun,1983—1988,Member,CPPCC,National Committee
Feng Zhijun,1982—,Vice-Chairman,China Democratic League,Central Committee
Feng Zhijun,,Vice-Chairman,China Democratic League,Municipal Committee,Shanghai Municipality
Feng Zhijun,1981,Joined,China Democratic League
Feng Zhijun,,Vice-President,China Research Society for Science and Scientific and Technical Policy
Feng Zhijun,,Editor-in-Chief,Modern Leadership
Feng Zhijun,,Director,Shanghai Research Institute of Science,Shanghai Municipality
Feng Zhijun,,Professor,Shanghai Research Institute of Science,Shanghai Municipality
Feng Zhijun,,Director,Shanghai Railway Institute,Building Engineering Department,Shanghai Municipality
Feng Zhijun,,Associate Professor,Shanghai Railway Institute,Building Engineering Department,Shanghai Municipality
Feng Zhijun,1962,Graduate,Shanghai Railway Institute,Building Engineering Department,Shanghai Municipality
Fian Jianmeng,2016—,Deputy Director,State Oceanic Administration
Francis Tam Pak Yuen,2004—,Secretary of Economy and Finance,Central People's Government,Macao SAR
Francis Tam Pak Yuen,2003—,Member,CPPCC,National Committee
Francis Tam Pak Yuen,1998—2003,Member,CPPCC,National Committee
Francis Tam Pak Yuen,1996—1997,Director,Macao SAR Preparatory Committee,Government Delegation, Macao Hand-Over Ceremony
Francis Tam Pak Yuen,1994—1996,Deputy Secretary for Constitutional Affairs,Central People's Government,Macao SAR
Francis Tam Pak Yuen,1991—1994,Director,Chinese Embassy,Hong Kong Economic and Trade Office,Hong Kong SAR
Francis Tam Pak Yuen,1989—1991,Administrative Assistant to Chief Secretary,Central People's Government,Macao SAR
Francis Tam Pak Yuen,1987—1989,Principal Assistant Economic Secretary,Aviation, Airport and Tourism Policy Department,Macao SAR
Francis Tam Pak Yuen,1983,Graduate,University of London,United Kingdom,London
Francis Tam Pak Yuen,1978,Graduate,University of Hong Kong,Hong Kong SAR
Frederick Ma Si-Hang,2002—,Secretary for Financial Services,Central People's Government,Hong Kong SAR
Frederick Ma Si-Hang,1998—2002,Banker,J.P. Morgan,Hong Kong,Hong Kong SAR
Frederick Ma Si-Hang,1998—2002,Banker,Chase Manhattan Bank,Hong Kong,Hong Kong SAR
Frederick Ma Si-Hang,1996—1998,Executive Director,PCCW Limited,Hong Kong SAR
Frederick Ma Si-Hang,1989—1996,Group Chief Financial Officer,PCCW Limited,Hong Kong SAR
Fu Chengyu,2011—,Chairman,Sinopec Corp.,Board of the Directors
Fu Chengyu,2011—,Secretary,Sinopec Corp.,CPC,Leading Party Group
Fu Chengyu,2007—2012,Member,CPC,Central Committee,Central Commission for Discipline Inspection
Fu Chengyu,2003—2011,Chief Executive Officer,China National Offshore Oil Corporation (CNOOC)
Fu Chengyu,2003—2011,Chairman,China National Offshore Oil Corporation,Board of Directors
Fu Chengyu,2003—2011,General Manager,China National Offshore Oil Corporation (CNOOC)
Fu Chengyu,2002—2011,Chief Executive Officer,China Oilfield Services Limited (COSL)
Fu Chengyu,2002—2011,Chairman,China Oilfield Services Limited (COSL),Board of Directors
Fu Chengyu,2000—2002,Vice-President,China National Offshore Oil Corporation (CNOOC)
Fu Chengyu,1999—2000,Chief Operating Officer,China National Offshore Oil Corporation (CNOOC)
Fu Chengyu,1999—2000,Executive Vice-President,China National Offshore Oil Corporation (CNOOC)
Fu Chengyu,1999—2000,Executive Member,China National Offshore Oil Corporation,Board of Directors
Fu Chengyu,1999—2000,President,China National Offshore Oil Corporation,Nanhai East Corporation
Fu Chengyu,1995—1999,Vice-President,Phillips China Inc.
Fu Chengyu,1994—1995,Vice-President,China National Offshore Oil Corporation,Nanhai East Corporation,Guangdong Province,Nanhai County
Fu Chengyu,1983—1994,Chairman,China National Offshore Oil Corporation,Joint Management Committee
Fu Chuanzuo,1973—1977,Member,CPC,Central Committee
Fu Chuanzuo,1969—1973,Alternate Member,CPC,Central Committee
Fu Guihua,2002—2007,Alternate Member,CPC,Central Committee
Fu Guihua,2002—,Vice-Governor,People's Government,Hainan Province
Fu Guihua,1998—2002,Vice-Chairman,CPPCC,City Committee,Hainan Province,Sanya City
Fu Guihua,1998—2002,Member,CPC,City Committee,Standing Committee,Hainan Province,Sanya City
Fu Guihua,1988—1998,Director,Hainan Provincial Women's Federation,Hainan Province,Sanya City
Fu Guihua,1988—1989,Secretary,Hainan Provincial Women's Federation,CPC,Leading Party Group,Hainan Province,Sanya City
Fu Guihua,1987—1988,Deputy Director,Hainan Provincial Women's Federation,Hainan Province,Sanya City
Fu Jiamo,1991—,Academician,Chinese Academy of Sciences
Fu Jiamo,,Researcher,Guangzhou Geochemical Institute
Fu Jiamo,1961,Graduate,Chinese Academy of Sciences,Geological Research Institute
Fu Jiamo,1956,Graduate,Beijing College of Geosciences,Beijing Municipality
Fu Jianhua,2016—,Deputy Secretary,State Administration of Work Safety,CPC,Leading Party Group
Fu Jianhua,2016—,Deputy Director,State Administration of Work Safety
Fu Jianhua,2012—,Member,CPC,Central Committee,Central Commission for Discipline Inspection
Fu Jianhua,2012—2014,Director,State Administration of Coal Mine Safety
Fu Jianhua,2011—2012,Deputy Director,State Administration of Work Safety
Fu Jianhua,2005—2011,Deputy Director,State Administration of Coal Mine Safety
Fu Jianhua,2001—2005,Director,State Administration of Coal Mine Safety,Coal Mine Supervision Department
Fu Jianhua,1999—2001,Deputy Team Leader,State Administration of Coal Mine Safety
Fu Jianhua,1998—1999,Staff Member,State Economic and Trade Commission
Fu Jianhua,1996—1998,Director,Ministry of Coal Industry,Safety Department,Ventilation Division
Fu Jianhua,1993—1996,Deputy Director,Ministry of Coal Industry,Safety Department,Ventilation Division
Fu Jianhua,1982—1985,Student,China University of Mining and Technology,Graduate Department,Beijing Municipality
Fu Jianhua,1978—1982,Student,Fuxin Mining College,Liaoning Province,Fuxin City
Fu Jianhua,1976—1978,Cultural Revolution,Cultural Revolution,Rusticated Youth,Liaoning Province,Dawa County
Fu Kui,2014—,Deputy Director,National Bureau of Corruption Prevention
Fu Kuiqing,1982—1987,Member,CPC,Central Committee
Fu Mingzhong,2001—,Chairman,China National Corporation of Medicines
Fu Mingzhong,2001—,Secretary,China National Corporation of Medicines,CPC,Party Committee
Fu Mingzhong,1997—2001,Deputy Manager,China National Corporation of Medicines
Fu Mingzhong,1994—1997,Director of the Board,Harbin Pharmaceutical Group Company, Ltd.,Heilongjiang Province,Harbin City
Fu Mingzhong,1994—1995,General Manager,Harbin Medical Group Co., Ltd.,Heilongjiang Province,Harbin City
Fu Mingzhong,1994—1995,Secretary,Harbin Medical Group Co., Ltd.,CPC,Party Committee,Heilongjiang Province,Harbin City
Fu Mingzhong,1992—1994,Deputy Director,Heilongjiang Province,Harbin City
Fu Quanyou,1997—2002,Member,CPC,Central Committee,Central Military Commission
Fu Quanyou,1997—2002,Member,CPC,Central Committee
Fu Quanyou,1995—2002,Chief-of-Staff,PLA
Fu Quanyou,1994—1998,Deputy Director,National Committee for the Patriotic Public Health Campaign
Fu Quanyou,1993—,Member,Central Military Commission of the PRC
Fu Quanyou,1993—,General,PLA
Fu Quanyou,,Vice-Chairman,National Afforestation Committee
Fu Quanyou,1992—1997,Member,CPC,Central Committee,Central Military Commission
Fu Quanyou,1992—1995,Director,PLA,General Logistics Department
Fu Quanyou,1990—1992,Commander,PLA,Regions,Lanzhou Military Region
Fu Quanyou,1988—1993,Lieutenant General,PLA,Regions,Chengdu Military Region
Fu Quanyou,1987—1992,Member,CPC,Central Committee
Fu Quanyou,1985—1988,Commander,PLA,Regions,Chengdu Military Region
Fu Quanyou,1983—1985,Army Commander,PLA,Regions,Chengdu Military Region
Fu Quanyou,1981—1983,Army Chief-of-Staff,PLA,Regions,Chengdu Military Region
Fu Quanyou,1978—1980,Division Commander,PLA,Regions,Chengdu Military Region
Fu Quanyou,1968—1969,Division Chief-of-Staff,PLA,Regions,Chengdu Military Region
Fu Quanyou,1961—1964,Regiment Chief-of-Staff,PLA,Regions,Chengdu Military Region
Fu Quanyou,1961,Graduate,Military Academy of the Chinese PLA
Fu Quanyou,1953—????,Soldier,Korean War
Fu Quanyou,1953—1958,Battalion Commander,Chinese People's Volunteers,Korean War
Fu Quanyou,1950—1952,Battalion Chief-of-Staff,PLA,Services and Arms,Northwest Field Army
Fu Quanyou,1950—1952,Company Commander,PLA,Services and Arms,Northwest Field Army
Fu Quanyou,1948—1950,Deputy Company Commander,PLA,Services and Arms,Northwest Field Army
Fu Quanyou,,Participant,Yanqing Campaign
Fu Quanyou,1947,Joined,CPC
Fu Quanyou,1946,Joined,PLA
Fu Shouzheng,2003—,Vice-Chairman,CPPCC,Autonomous Regional Committee,Inner Mongolia Autonomous Region
Fu Shouzheng,1999,Student,CPC,Central Committee,Central Party School,Training Course for Provincial and Ministerial Officials
Fu Shouzheng,1998—2003,Secretary,Autonomous Region People's Government,CPC,Leading Party Group,Inner Mongolia Autonomous Region
Fu Shouzheng,1998—2003,Vice-Governor,People's Government,Inner Mongolia Autonomous Region
Fu Shouzheng,1994—1998,Director,Agricultural Department,Inner Mongolia Autonomous Region
Fu Shouzheng,1994—1998,Secretary,Agricultural Department,CPC,Leading Party Group,Inner Mongolia Autonomous Region
Fu Shouzheng,1992—1994,Leader,Agricultural Department,Preparatory Group,Inner Mongolia Autonomous Region
Fu Shouzheng,1992—1994,Secretary,Agricultural Committee,CPC,Leading Party Group,Inner Mongolia Autonomous Region
Fu Shouzheng,1992—1994,Director,Agricultural Committee,Inner Mongolia Autonomous Region
Fu Shouzheng,1989—1992,Governor,People's Government,Inner Mongolia Autonomous Region,Bayannur League
Fu Shouzheng,1983—1985,Student,CPC,Central Committee,Central Party School
Fu Shouzheng,1982—1985,Secretary,CPC,Autonomous County Committee,Inner Mongolia Autonomous Region,Linhe County
Fu Shouzheng,1980—1982,Deputy Secretary,CPC,Autonomous County Committee,Inner Mongolia Autonomous Region,Linhe County
Fu Shouzheng,1979—1980,Deputy Secretary,CPC,Banner Committee,Inner Mongolia Autonomous Region,Hanggin Rear Banner
Fu Shouzheng,1979—1992,Deputy Secretary,CPC,League Committee,Inner Mongolia Autonomous Region,Bayannur League
Fu Shouzheng,1978—1979,Student,CPC,Central Committee,Central Party School
Fu Shouzheng,1976—1978,Deputy Secretary,CPC,League Committee,Inner Mongolia Autonomous Region,Bayannur League
Fu Shouzheng,1973—1978,Deputy Secretary,CPC,Autonomous County Committee,Inner Mongolia Autonomous Region,Wuyuan County
Fu Shouzheng,1971—1973,Deputy Secretary,Shengfeng Commune,CPC,Party Committee,Inner Mongolia Autonomous Region,Wuyuan County
Fu Shouzheng,1966—1971,Farmer,Inner Mongolia Autonomous Region,Wuyuan County
Fu Shouzheng,1965,Joined,CPC
Fu Shouzheng,1964—1966,Worker,Inner Mongolia Autonomous Region,Wuyuan County
Fu Shuangjian,2008—,Deputy Director,State Administration of Industry and Commerce
Fu Shuangjian,2002—2008,Vice-Governor,People's Government,Hebei Province
Fu Shuangjian,2000—2002,Director,Bureau of Land and Resources,Hebei Province
Fu Shuangjian,2000—2002,Director,Oceanic Administration,Hebei Province
Fu Shuangjian,1998—2000,Director,Metallurgy Bureau,Hebei Province
Fu Shuangjian,1995—2000,Deputy Director,Economic and Trade Committee,Hebei Province
Fu Shuangjian,1991—1994,Student,Beijing University of Science and Technology,Beijing Municipality
Fu Shuangjian,1983—1985,Student,Anshan Institute of Iron and Engineering,Management Department,Liaoning Province,Anshan City
Fu Shuangjian,1974,Joined,CPC
Fu Tieshan,2003—,Vice-Chairman,Standing Committee of the NPC
Fu Tieshan,2000—,Vice-President,China Anti-Cult Association
Fu Tieshan,1999—,Vice-President,Chinese Association for International Understanding (CAIU)
Fu Tieshan,1998—2003,Member,Standing Committee of the NPC
Fu Tieshan,1998—2003,Vice-Chairman,CPPCC,Municipal Committee,Beijing Municipality
Fu Tieshan,1998—,Chairman,Chinese Patriotic Catholic Association,Beijing Municipality
Fu Tieshan,1993—1998,Vice-Chairman,Chinese Patriotic Catholic Association,Beijing Municipality
Fu Tieshan,1993—,Chairman,Beijing Patriotic Catholic Association,Beijing Municipality
Fu Tieshan,1993—1998,Member,Education, Science, Culture and Health Committee of the NPC
Fu Tieshan,1993—1998,Member,Standing Committee of the NPC
Fu Tieshan,1988—1993,Member,CPPCC,National Committee,Standing Committee
Fu Tieshan,,Member,CPPCC,Municipal Committee,Standing Committee,Beijing Municipality
Fu Tieshan,1983—1988,Member,CPPCC,National Committee,Standing Committee
Fu Tieshan,,Council Member,Chinese Association for International Understanding (CAIU)
Fu Tieshan,,Council Member,China Welfare Fund for the Handicapped
Fu Tieshan,1979,Bishop,Catholic Diocese of Beijing,Beijing Municipality
Fu Tieshan,1956,Priest,Xishiku Cathedral,Beijing Municipality
Fu Tieshan,1954,Graduate,Beijing Wensheng College,Theology and Philosophy Department,Beijing Municipality
Fu Tinggui,2010—2013,Deputy Director,Agriculture and Rural Affairs Committee of the NPC
Fu Tinggui,2007—2012,Member,CPC,Central Committee
Fu Tinggui,2006—,General,PLA
Fu Tinggui,2003—2010,Political Commissar,PLA,Regions,Beijing Military Region,Beijing Municipality
Fu Tinggui,2002—2006,Lieutenant General,PLA
Fu Tinggui,2002—2007,Member,CPC,Central Committee
Fu Tinggui,2001—2003,Member,PLA,Regions,Beijing Military Region,CPC,Party Committee,Standing Committee,Beijing Municipality
Fu Tinggui,2001—2001,Student,University of National Defense,Cadre Training Department
Fu Tinggui,2001—2003,Director,PLA,Regions,Beijing Military Region,Political Department,Beijing Municipality
Fu Tinggui,2000—2002,Student,Liaoning University,History Department,Liaoning Province
Fu Tinggui,1994—2002,Major General,PLA
Fu Tinggui,1994—2001,Commissar,PLA,Services and Arms,Group Army
Fu Tinggui,1992—1994,Student,CPC,Central Committee,Central Party School
Fu Tinggui,1991—1994,Director,PLA,Regions,Shenyang Military Region,Jilin Military District
Fu Tinggui,1988—1991,Deputy Director,PLA,Services and Arms,Group Army,Political Department
Fu Tinggui,1985—1988,Student,University of National Defense,Basic Department
Fu Tinggui,1979—1980,Deputy Section Chief,PLA,Regions,Shenyang Military Region,Organization Department,Liaoning Province,Shenyang City
Fu Tinggui,1971—1979,Secretary,PLA,Regions,Shenyang Military Region,Political Department,Liaoning Province,Shenyang City
Fu Tinggui,1966,Joined,CPC
Fu Tinggui,1963,Joined,PLA
Fu Weiyuan,1996—,Vice-President,SINOCHEM (China National Chemicals Import & Export Company)
Fu Weiyuan,,Graduate,Beijing Foreign Trade Institute,Economics Department,Beijing Municipality
Fu Wenjuan,2008—,Vice-Minister,Ministry of Environmental Protection
Fu Wenjuan,2007—,Member,Ministry of Environmental Protection,CPC,Leading Party Group
Fu Wenjuan,2007—2012,Member,CPC,Central Committee,Central Commission for Discipline Inspection
Fu Wenjuan,2007—2008,Chief Disciplinary Officer,Ministry of Environmental Protection
Fu Wenjuan,2001—2007,Vice-Minister,Ministry of Construction
Fu Wenjuan,2001—2007,Member,Ministry of Construction,CPC,Leading Party Group
Fu Wenjuan,1999—2001,Director,Ministry of Construction,Human Resources Department
Fu Wenjuan,1988—1999,Deputy Director,Ministry of Construction,Construction Supervision Department
Fu Wenjuan,1988—1999,Deputy Director,Ministry of Construction,Human Resources Department
Fu Wenjuan,1983—1988,Deputy Director,Ministry of Housing and Urban-Rural Development,Business Management Department
Fu Wenjuan,1972,Joined,CPC
Fu Wenjuan,,Student,Tongji University,Construction Management Department,Shanghai Municipality
Fu Xingguo,2008—,Deputy Director,State Bureau of Civil Servants
Fu Xingguo,2008—,Member,State Bureau of Civil Servants,CPC,Leading Party Group
Fu Xingguo,1986—1989,Graduate,Beijing Normal University,Beijing Municipality
Fu Xishou,,Chairman,Anhui Provincial Disabled Persons' Federation,Anhui Province
Fu Xishou,1998—2003,Member,CPPCC,National Committee,Standing Committee
Fu Xishou,1993—1998,Deputy,NPC
Fu Xishou,1993—1998,Member,CPPCC,National Committee,Standing Committee
Fu Xishou,1992—1997,Member,CPC,Central Committee
Fu Xishou,1989—1995,Governor,People's Government,Anhui Province
Fu Xishou,1988—1989,Vice-Governor,People's Government,Anhui Province
Fu Xishou,1987—1992,Alternate Member,CPC,Central Committee
Fu Xishou,1987—1988,Deputy Secretary,CPC,Provincial Committee,Anhui Province
Fu Xishou,1984—1987,Deputy Secretary,CPC,City Committee,Anhui Province,Ma'anshan City
Fu Xishou,1984—1987,Secretary,Ma'anshan Iron and Steel Group Co., Ltd.,CPC,Party Committee,Anhui Province,Ma'anshan City
Fu Xishou,1984—1987,Manager,Ma'anshan Iron and Steel Group Co., Ltd.,Anhui Province,Ma'anshan City
Fu Xishou,1982—1984,Director,Ma'anshan Iron and Steel Design and Research Institute,Anhui Province,Ma'anshan City
Fu Xishou,1978—1982,Deputy Director,Chongqing Iron and Steel Designing Institute,Chongqing Municipality
Fu Xishou,1966—1978,Deputy Chief Engineer,Chongqing Iron and Steel Designing Institute,Chongqing Municipality
Fu Xishou,,Chief Designer,Panzhihua Iron and Steel Project,Sichuan Province,Panzhihua City
Fu Xishou,1959,Joined,CPC
Fu Xishou,1950—1953,Student,Tsinghua University,Civil Engineering Department,Beijing Municipality
Fu Xuanyi,2013—2015,Deputy Director,State Railway Administration
Fu Xuanyi,1978—1982,Student,Changsha Railway University
Fu Ying,2013—,Director,Foreign Affairs Committee of the NPC
Fu Ying,2010—2013,Vice-Minister,Ministry of Foreign Affairs
Fu Ying,2007—2009,Ambassador,Chinese Embassy,United Kingdom,London
Fu Ying,2003—2007,Ambassador,Chinese Embassy,Australia,Canberra
Fu Ying,2000—2003,Director,Ministry of Foreign Affairs,Asian Affairs Department
Fu Ying,1998—2000,Ambassador,Chinese Embassy,Philippines,Manila
Fu Ying,1997—1998,Counselor,Chinese Embassy,Indonesia,Jakarta
Fu Ying,1993—1997,Counselor,Ministry of Foreign Affairs,Asian Affairs Department
Fu Ying,1992—1993,Staff Member,United Nations,Transitional Authority,Cambodia,Phnom Penh
Fu Ying,1985—1986,Postgraduate,University of Kent,United Kingdom,Kent
Fu Ying,1982—1992,Deputy Head,Ministry of Foreign Affairs,Translation and Interpretation Department
Fu Ying,1978—1982,Attache,Chinese Embassy,Romania,Bucharest
Fu Yuelan,2007—2012,Alternate Member,CPC,Central Committee
Fu Yuelan,2007—,Vice-Governor,People's Government,Hainan Province
Fu Yuelan,2007—2007,Director,CPC,Provincial Committee,United Front Work Department,Hainan Province
Fu Yuelan,2002—2006,Member,CPC,Provincial Committee,Standing Committee,Hainan Province
Fu Yuelan,1997—2002,Deputy Secretary,CPC,County Committee,Hainan Province,Qiongzhong
Fu Yuelan,1974,Joined,CPC
Fu Zhenghua,2013—,Vice-Minister,Ministry of Public Security
Fu Zhenghua,2010—2013,Director,Public Security Department,Beijing Municipality
Fu Zhenghua,2010—2013,Secretary,Public Security Department,CPC,Party Committee,Beijing Municipality
Fu Zhenghua,2010—2013,Deputy Secretary,CPC,Municipal Committee,Political Science and Law Committee,Beijing Municipality
Fu Zhengyi,1991,Completed Dissertation Work,University of California
Fu Zhifang,2010—,Deputy Secretary,CPC,Provincial Committee,Hebei Province
Fu Zhifang,2007—2012,Alternate Member,CPC,Central Committee
Fu Zhifang,2006—2010,Vice-Governor,People's Government,Hebei Province
Fu Zhifang,2006—2010,Deputy Secretary,CPC,Provincial Committee,Hebei Province
Fu Zhifang,2006—2010,Deputy Secretary,People's Government,CPC,Leading Party Group,Hebei Province
Fu Zhifang,2001—2006,Director,CPC,Provincial Committee,Organization Department,Hebei Province
Fu Zhifang,2001—,Member,CPC,Provincial Committee,Standing Committee,Hebei Province
Fu Zhifang,2000—2001,Student,CPC,Central Committee,Central Party School,Cadre Training Class
Fu Zhifang,1998—2001,Deputy Secretary,CPC,City Committee,Hebei Province,Baoding City
Fu Zhifang,1998—2001,Mayor,People's Government,Hebei Province,Baoding City
Fu Zhifang,1997—1998,Deputy Secretary,CPC,City Committee,Henan Province,Kaifeng City
Fu Zhifang,1997—1998,Mayor,People's Government,Henan Province,Kaifeng City
Fu Zhifang,1996—1997,Acting Mayor,People's Government,Henan Province,Kaifeng City
Fu Zhifang,1993—1996,Student,Tianjin University,Tianjin Municipality
Fu Zhifang,1991—1994,Secretary,CPC,County Committee,Henan Province,Lingbao County
Fu Zhifang,1987—1991,Head,People's Government,Henan Province,Lushi County
Fu Zhifang,1987—1991,Deputy Secretary,CPC,County Committee,Henan Province,Lushi County
Fu Zhifang,1985—1987,Director,CPC,Provincial Committee,Organization Department,Henan Province
Fu Zhifang,1985—1986,Student,CPC,Provincial Committee,Party School,Henan Province
Fu Zhifang,1985—1987,Deputy Director,CPC,Provincial Committee,Organization Department,Henan Province
Fu Zhifang,1985—1987,Member,CPC,Provincial Committee,Standing Committee,Henan Province
Fu Zhifang,1982—1985,Secretary,CYLC,Provincial-Level,Henan Province
Fu Zhifang,1978—1982,Student,Henan University,History Department,Henan Province,Kaifeng City
Fu Zhihuan,2003—,Chairman,Financial and Economic Affairs Committee of the NPC
Fu Zhihuan,2002—2003,Minister,Ministry of Railways
Fu Zhihuan,1997—2002,Member,CPC,Central Committee
Fu Zhihuan,1997—2002,Member,CPC,Central Committee,Central Commission for Discipline Inspection
Fu Zhihuan,1990—1997,Vice-Minister,Ministry of Railways
Fu Zhihuan,1989—1990,Director,Railway Bureau,Heilongjiang Province,Harbin City
Fu Zhihuan,1985—1989,Director,Ministry of Railways,Science and Technology Bureau
Fu Zhihuan,1984—1985,Chief Engineer,Ministry of Railways,Science and Technology Bureau
Fu Zhihuan,1975—1984,Deputy Director,Ministry of Railways,Zhuzhou Electric Engineering Research Institute,Hunan Province,Zhuzhou City
Fu Zhihuan,1966,Joined,CPC
Fu Zhihuan,1965—1971,Chief,Ministry of Railways,Zhuzhou Electric Engineering Research Institute,Research Office,Hunan Province,Zhuzhou City
Fu Zhihuan,1965—1971,Deputy Chief,Ministry of Railways,Zhuzhou Electric Engineering Research Institute,Hunan Province,Zhuzhou City
Fu Zhihuan,1961—1965,Technician,Ministry of Railways,Zhuzhou Electric Engineering Research Institute,Hunan Province,Zhuzhou City
Fu Zhihuan,1961,Graduate,Moscow Railway Institute,Railway Electrification Department,Russia,Moscow
Fu Ziying,2017—,China International Trade Representative,Ministry of Commerce
Fu Ziying,2017—,Vice-Minister,Ministry of Commerce
Fu Ziying,2011—2017,Vice-Governor,People's Government,Jiangsu Province
Fu Ziying,2011—2017,Member,People's Government,CPC,Leading Party Group,Jiangsu Province
Fu Ziying,2008—2011,Vice-Minister,Ministry of Commerce
Fu Ziying,2003—2008,Director,Ministry of Commerce,Planning and Finance Affairs Department
Fu Ziying,2003—2003,Director,Ministry of Commerce,Finance Department
Fu Ziying,2003—2008,Assistant Minister,Ministry of Commerce
Fu Ziying,2003—2011,Member,Ministry of Commerce,CPC,Leading Party Group
Fu Ziying,1997—2003,Director,Ministry of Foreign Trade and Economic Cooperation,Finance Department
Fu Ziying,1974—1976,Cultural Revolution,Cultural Revolution,Rusticated Youth,Hunan Province,Yueyang County
Fu Zuoyi,1964—1978,Vice-Chairman,CPPCC,National Committee
