Tan Benhong,2014—,Commander,PLA,Services and Arms,Army (or Ground Force),Corps Command,Hong Kong SAR
Tan Furen,1969—1973,Member,CPC,Central Committee
Tan Jialin,2004—,Deputy Director,CPC,Central Committee,International Liaison Department
Tan Jialin,2003—2004,Deputy Secretary,CPC,Central Committee,International Liaison Department
Tan Jialin,1994—2003,Deputy Director,CPC,Central Committee,International Liaison Department,General Office
Tan Jialin,1984,Joined,CPC
Tan Jiazhen,,Professor,Fudan University,Shanghai Municipality
Tan Jiazhen,1999—,Honorary Academician,New York Academy of Science
Tan Jiazhen,1987—,Foreign Academician,Italian National Academy of Science
Tan Jiazhen,1985—,Academician,Third World Academy of Sciences
Tan Jiazhen,1985—,Foreign Academician,American National Academy of Science
Tan Jiazhen,1980—,Academician,Chinese Academy of Sciences
Tan Jiazhen,1932,Graduate,Yanjing University,Beijing Municipality
Tan Jiazhen,1930,Graduate,Dongwu University,Jiangsu Province,Suzhou City
Tan Li,2010—2014,Vice-Governor,People's Government,Hainan Province
Tan Li,2009—2010,Director,People's Government,Publicity Department,Hainan Province
Tan Li,2009—2010,Member,CPC,Provincial Committee,Hainan Province
Tan Li,2004—2009,Secretary,CPC,City Committee,Sichuan Province,Mianyang City
Tan Li,2004—2004,Director,City People's Congress,Sichuan Province,Guang'an
Tan Li,2001—2004,Secretary,CPC,City Committee,Sichuan Province,Guang'an
Tan Li,1998—2001,Member,CPC,City Committee,Standing Committee,Sichuan Province,Chengdu City
Tan Li,1998—2001,Director,CPC,City Committee,Publicity Department,Sichuan Province,Chengdu City
Tan Li,1997—1998,Assistant to the Mayor,People's Government,Sichuan Province,Chengdu City
Tan Li,1996—1997,Head,People's Government,Sichuan Province,Pixian County
Tan Li,1995—1998,Secretary,CPC,County Committee,Sichuan Province,Pixian County
Tan Li,1993—1995,Deputy Secretary,CPC,County Committee,Sichuan Province,Pixian County
Tan Li,1985—1995,Director,CPC,Provincial Committee,Party School,Teaching and Research Laboratory,Sichuan Province
Tan Li,1983—1985,Worker,Education Bureau,Sichuan Province,Yibin Prefecture
Tan Li,1979—1983,Student,Chongqing Normal College,History Department,Chongqing Municipality
Tan Liangliang,1999—,General Manager,Nanning Water Supply Company,Guangxi Zhuang Autonomous Region,Nanning City
Tan Liangliang,1996—1999,Deputy General Manager,Nanning Water Supply Company,Guangxi Zhuang Autonomous Region,Nanning City
Tan Liangliang,1995—1996,Assistant to the General Manager,Nanning Water Supply Company,Guangxi Zhuang Autonomous Region,Nanning City
Tan Liangliang,1990—1995,Deputy Director,Nanning Water Supply Company,Design Office,Guangxi Zhuang Autonomous Region,Nanning City
Tan Liangliang,,Joined,CPC
Tan Liangliang,1987—1990,Assistant Engineer,Nanning Water Supply Company,Design Office,Guangxi Zhuang Autonomous Region,Nanning City
Tan Liangliang,1982—1987,Student,Chongqing University,Chongqing Municipality
Tan Min,,Professor,Shanghai Institute of Finance and Economics,Shanghai Municipality
Tan Min,,President,Shanghai Institute of Finance and Economics,Shanghai Municipality
Tan Min,,Secretary,Shanghai Institute of Finance and Economics,CPC,Party Committee
Tan Naida,1992—1997,Alternate Member,CPC,Central Committee
Tan Qilong,1982—1987,Member,CPC,Central Committee
Tan Qilong,1977—1982,Member,CPC,Central Committee
Tan Qilong,1973—1977,Member,CPC,Central Committee
Tan Qilong,1969—1973,Alternate Member,CPC,Central Committee
Tan Qilong,1956—1969,Alternate Member,CPC,Central Committee
Tan Qiwei,2006—,Vice-Mayor,People's Government,Chongqing Municipality
Tan Qiwei,2003—2008,Member,NPC
Tan Qiwei,2001—2006,Secretary,CPC,District Committee,Chongqing Municipality
Tan Qiwei,1997—2001,Deputy Secretary,CPC,District Committee,Chongqing Municipality
Tan Qiwei,1997—2001,Chief Executive,People's Government,Chongqing Municipality
Tan Qiwei,1991—1997,Deputy Commissioner,People's Government,Sichuan Province,Qianjiang Prefecture
Tan Qiwei,1985—1989,Chief Executive,People's Government,Sichuan Province,Shizhu County
Tan Qiwei,1980—1981,Chief Executive,People's Government,Sichuan Province,Shizhu County
Tan Runhua,1999—,Vice-President,Hebei University of Technology,Hebei Province
Tan Runhua,1998—1999,Dean,Hebei University of Technology,Machinery School,Hebei Province
Tan Runhua,,Joined,China Association for Promoting Democracy (CAPD)
Tan Shanhe,1982—1987,Member,CPC,Central Committee
Tan Shanhe,1977—1982,Alternate Member,CPC,Central Committee
Tan Shaowen,1992—1997,Member,CPC,Central Committee
Tan Shaowen,1992—1997,Member,CPC,Central Committee,Politburo
Tan Shaowen,1989—1990,Chairman,CPPCC,Municipal Committee,Tianjin Municipality
Tan Shaowen,1984—1988,Deputy Secretary,CPC,Municipal Committee,Tianjin Municipality
Tan Shaowen,1982—1984,Secretary,CPC,Municipal Committee,Tianjin Municipality
Tan Shaowen,1978—1981,President,Hebei University of Technology,Tianjin Municipality
Tan Shaowen,1978—1982,Deputy Secretary,Hebei University of Technology,CPC,Party Committee,Tianjin Municipality
Tan Shaowen,1955,Joined,CPC
Tan Shigui,2002—,President,Hainan University,Hainan Province,Haikou City
Tan Shigui,1998—2002,Deputy Secretary,Hainan University,CPC,Party Committee,Hainan Province,Haikou City
Tan Shigui,1993—2002,Vice-President,Hainan University,Hainan Province,Haikou City
Tan Shigui,1988—1993,Professor,Hainan University,Law Department,Hainan Province,Haikou City
Tan Tianxing,2012—,Deputy Director,Overseas Chinese Affairs Office of the State Council
Tan Tianxing,1990,Graduate,Beijing University,Beijing Municipality
Tan Tianxing,1983—1986,Student,Huazhong Normal University,History Department,Hubei Province,Wuhan City
Tan Tianxing,1979—1983,Student,Huazhong Normal University,History Department,Hubei Province,Wuhan City
Tan Weidong,2011—,Vice-Chairman,CPPCC,Provincial Committee,Guangdong Province
Tan Weidong,2007—,Secretary,CPC,City Committee,Guangdong Province,Zhaoqing City
Tan Weidong,2006—,Director,City People's Congress,Standing Committee,Guangdong Province,Zhaoqing City
Tan Weidong,2001—2006,Secretary,CPC,City Committee,Guangdong Province,Shaoguan City
Tan Weidong,2001—2006,Director,City People's Congress,Standing Committee,Guangdong Province,Shaoguan City
Tan Weidong,1997—2001,Mayor,People's Government,Guangdong Province,Shaoguan City
Tan Weidong,1996—1997,Acting Mayor,People's Government,Guangdong Province,Shaoguan City
Tan Weidong,1995—1997,Vice-Mayor,People's Government,Guangdong Province,Shaoguan City
Tan Weidong,1995—2001,Deputy Secretary,CPC,City Committee,Guangdong Province,Shaoguan City
Tan Weidong,1993—1995,Secretary,CPC,County Committee,Guangdong Province,Ruyuan County
Tan Weidong,1991—1993,Secretary,CPC,District Committee,Guangdong Province,Shaoguan City,Zhenjiang District
Tan Weidong,1988—1991,Chief,People's Government,Guangdong Province,Shaoguan City,Zhenjiang District
Tan Weidong,1988—1991,Deputy Secretary,CPC,District Committee,Guangdong Province,Shaoguan City,Zhenjiang District
Tan Weidong,1984—1988,Secretary,CYLC,City-Level,Guangdong Province,Shaoguan City
Tan Weidong,1980—1984,Deputy Secretary,CYLC,City-Level,Guangdong Province,Shaoguan City
Tan Wenzhen,1977—1982,Alternate Member,CPC,Central Committee
Tan Xinghui,2000—,Vice-President,China Unicom
Tan Xinghui,2000—,Executive Director,China Unicom
Tan Xinghui,1996—2000,General Manager,China Unicom,Operation Maintenance and Interconnection Department
Tan Xinghui,1983,Graduate,Beijing Institute of Posts and Telecommunications,Microwave Communications Department,Beijing Municipality
Tan Yingji,1982—1987,Member,CPC,Central Committee
Tan Yingji,1977—1982,Member,CPC,Central Committee
Tan Youlin,1982—1987,Member,CPC,Central Committee
Tan Zheng,1956—1969,Member,CPC,Central Committee
Tan Zhenhui,1998—,President,Northern Jiaotong University,Beijing Municipality
Tan Zhenhui,1987,Graduate,Northern Jiaotong University,Beijing Municipality
Tan Zhenhui,,Graduate,Northern Jiaotong University,Beijing Municipality
Tan Zhenlin,1978—1983,Vice-Chairman,Standing Committee of the NPC
Tan Zhenlin,1977—1982,Member,CPC,Central Committee
Tan Zhenlin,1975—1978,Vice-Chairman,Standing Committee of the NPC
Tan Zhenlin,1973—1977,Member,CPC,Central Committee
Tan Zhenlin,1956—1969,Member,CPC,Central Committee
Tan Zhongchi,1999—,Mayor,People's Government,Hunan Province,Changsha City
Tan Zhongchi,1998—2000,Vice-Mayor,People's Government,Hunan Province,Changsha City
Tan Zhongchi,1998—2000,Deputy Secretary,CPC,City Committee,Hunan Province,Changsha City
Tan Zhongchi,1997—1998,Deputy Secretary-General,People's Government,Hunan Province
Tan Zhongchi,1995—1997,Member,CPC,Prefectural Committee,Hunan Province,Loudi Prefecture
Tan Zhongchi,1990—1992,Magistrate,County (District) People's Court,Hunan Province,Liuyang County
Tan Zhongchi,1989—1990,Acting Magistrate,County (District) People's Court,Hunan Province,Liuyang County
Tan Zhongchi,1986—1992,Deputy Secretary,CPC,County Committee,Hunan Province,Liuyang County
Tan Zhongchi,1985—1986,Member,CPC,County Committee,Standing Committee,Hunan Province,Liuyang County
Tan Zhongchi,1982—1985,Deputy Director,CPC,County Committee,General Office,Hunan Province,Liuyang County
Tan Zhongchi,1978—1979,President,Hunan Province,Liuyang County
Tan Zhongchi,1977,Joined,CPC
Tan Zuojun,2012—2017,Vice-Governor,People's Government,Liaoning Province
Tan Zuojun,2008—2012,General Manager,China State Shipbuilding Corporation (CSSC)
Tan Zuojun,2008—2012,Deputy Secretary,China State Shipbuilding Corporation (CSSC),CPC,Leading Party Group
Tan Zuojun,2005—2008,Chairman,China State Shipbuilding Corporation,CSSC Jiangnan Heavy Industry Co., Ltd.,Board of the Directors,Shanghai Municipality
Tan Zuojun,2005,Graduate,China Europe International Business School,Shanghai Municipality
Tan Zuojun,2003—2008,Deputy General Manager,China State Shipbuilding Corporation (CSSC)
Tan Zuojun,2003—2008,Member,China State Shipbuilding Corporation (CSSC),CPC,Leading Party Group
Tan Zuojun,2003—2007,Secretary,China State Shipbuilding Corporation,Shanghai Waigaoqiao Shipbuilding Co., Ltd.,CPC,Party Committee,Shanghai Municipality
Tan Zuojun,2002—2005,Chairman,China State Shipbuilding Corporation,Shanghai Waigaoqiao Shipbuilding Co., Ltd.,Board of Directors,Shanghai Municipality
Tan Zuojun,2002—2003,Assistant General Manager,China State Shipbuilding Corporation (CSSC)
Tan Zuojun,2001—2002,General Manager,China State Shipbuilding Corporation,CSSC Shipbuilding Properties Limited
Tan Zuojun,1986—1990,Student,Wuhan University,Law School,Hubei Province,Wuhan City
Tang Chongti,1991—,Academician,Chinese Academy of Sciences
Tang Chongti,1986—,Professor,Xiamen University,Biology Department
Tang Chongti,1954,Graduate,Xiamen University,Biology Department
Tang Dengjie,2003—,Vice-Mayor,People's Government,Shanghai Municipality
Tang Dengjie,,President,Shanghai Electric Group Corporation,Shanghai Municipality
Tang Dengjie,,Deputy Secretary,Shanghai Electric Group Corporation,CPC,Party Committee,Shanghai Municipality
Tang Dengjie,,Vice-President,Shanghai Automobile Industry Corp.,Shanghai Municipality
Tang Dengjie,,Deputy Manager,Shanghai Automobile Industry Corp.,Programming Department,Shanghai Municipality
Tang Dengjie,,Director,Shanghai Volkswagen Automotive Co., Ltd.,Production Programming Department,Shanghai Municipality
Tang Dengjie,,Director,Shanghai Volkswagen Automotive Co., Ltd.,Industry Control Division,Shanghai Municipality
Tang Dengjie,1986,Graduate,Tongji University,Shanghai Municipality
Tang Guozhong,2012—,Deputy Director,CPPCC,Provincial Committee,Guangdong Province
Tang Guozhong,2011—,Deputy Secretary,CPPCC,Provincial Committee,CPC,Leading Party Group,Guangdong Province
Tang Guozhong,2005—2011,Director,CPC,Provincial Committee,Publicity Department,Fujian Province
Tang Guozhong,2005—2006,Secretary,CPC,Provincial Committee,Education Working Committee,Fujian Province
Tang Guozhong,2003—2005,Deputy Director,CPC,Provincial Committee,Organization Department,Guangdong Province
Tang Guozhong,1998—2003,Secretary-General,CPC,Provincial Committee,Guangdong Province
Tang Guozhong,1998—1998,Secretary-General,CPC,Provincial Committee,Henan Province
Tang Guozhong,1994—1998,Deputy Director,CPC,Provincial Committee,General Office,Henan Province
Tang Guozhong,1992—1994,Researcher,CPC,Provincial Committee,Policy Research Office,Henan Province
Tang Guozhong,1990—1992,Staff Member,People's Government,General Office,Henan Province
Tang Guozhong,1968—1971,Cultural Revolution,Cultural Revolution,Rusticated Youth,Liaoning Province,Changtu County
Tang Honggao,1997—2002,Member,CPC,Central Committee
Tang Honggao,1993—1998,President,China Science and Technology University,Beijing Municipality
Tang Honggao,1992—1997,Alternate Member,CPC,Central Committee
Tang Honggao,1990—1998,Secretary,China Science and Technology University,CPC,Leading Party Group,Beijing Municipality
Tang Honggao,1990—1993,Managing Vice-President,China Science and Technology University,Beijing Municipality
Tang Honggao,,Graduate Student,Chinese Academy of Sciences,Physics Research Institute
Tang Honggao,1972,Graduate,Shandong University,Chemistry Department,Shandong Province
Tang Honggao,1972,Joined,CPC
Tang Hsiang-chien,1999,Member,1st Hong Kong SAR Government,Selection Committee
Tang Hsiang-chien,1998—2003,Member,CPPCC,National Committee,Standing Committee
Tang Hsiang-chien,1995—1997,Member,Hong Kong SAR Preparatory Committee
Tang Hsiang-chien,1993—1998,Member,CPPCC,National Committee,Standing Committee
Tang Hsiang-chien,1992—????,Member,Hong Kong and Macao Affairs Office of the State Council,1st Group of Advisors
Tang Jianwu,2011—,Vice-Chairman,CPPCC,Provincial Committee,Liaoning Province
Tang Jianwu,2010—,Chairman,Chinese Peasants and Workers Democratic Party,Provincial Committee,Liaoning Province
Tang Jianwu,2002—,President,Liaoning Province,Dalian City,Liaoning Province
Tang Jianwu,1994—2002,Dean,Dalian Medical University,College of Basic Medicine,Liaoning Province,Dalian City
Tang Jianwu,1994—2002,Deputy Director,Public Health Department,Liaoning Province,Dalian City
Tang Jianwu,1994—2002,Vice-President,Dalian Medical University,Liaoning Province,Dalian City
Tang Jiaxuan,2003—2008,State Councilor,State Council
Tang Jiaxuan,2002—2007,Member,CPC,Central Committee
Tang Jiaxuan,1998—2003,Minister,Ministry of Foreign Affairs
Tang Jiaxuan,1997—2000,Secretary,Ministry of Foreign Affairs,CPC,Party Committee
Tang Jiaxuan,1997—2002,Member,CPC,Central Committee
Tang Jiaxuan,1994—1997,Deputy Secretary,Ministry of Foreign Affairs,CPC,Party Committee
Tang Jiaxuan,1993—1994,Member,Ministry of Foreign Affairs,CPC,Party Committee
Tang Jiaxuan,1993—1998,Vice-Minister,Ministry of Foreign Affairs
Tang Jiaxuan,1991—1993,Assistant Minister,Ministry of Foreign Affairs
Tang Jiaxuan,1988—1991,Minister-Counselor,Chinese Embassy,Japan,Tokyo
Tang Jiaxuan,1988—1991,Minister,Chinese Embassy,Japan,Tokyo
Tang Jiaxuan,1983—1988,Deputy Director,Ministry of Foreign Affairs,Asian Affairs Department
Tang Jiaxuan,1983—1988,First Secretary,Ministry of Foreign Affairs,Asian Affairs Department
Tang Jiaxuan,1978—1983,First Secretary,Chinese Embassy,Japan,Tokyo
Tang Jiaxuan,1978—1983,Second Secretary,Chinese Embassy,Japan,Tokyo
Tang Jiaxuan,1973,Joined,CPC
Tang Jiaxuan,1970—1978,Council Member,Chinese People's Association for Friendship with Foreign Countries
Tang Jiaxuan,1970—1978,Council Member,Sino-Japanese Friendship Association
Tang Jiaxuan,1970—1978,Deputy Chief,Chinese People's Association for Friendship with Foreign Countries
Tang Jiaxuan,1969—1970,Worker,Cultural Revolution,May 7th Cadre School
Tang Jiaxuan,1964—1969,Staff Member,Ministry of Foreign Affairs,Translation and Interpretation Department
Tang Jiaxuan,1962—1964,Intern,State Broadcasting Administration
Tang Jiaxuan,1962,Graduate,Beijing University,Oriental Languages Department,Beijing Municipality
Tang Jiaxuan,,Student,Fudan University,English Department,Shanghai Municipality
Tang Jiliang,2003—,Deputy,NPC
Tang Jiliang,1998—2003,Deputy,NPC
Tang Jiliang,1997—,President,Guangxi University,Guangxi Zhuang Autonomous Region
Tang Jiliang,1995—1997,President,Guangxi Agricultural College,Guangxi Zhuang Autonomous Region
Tang Jiliang,1989,Graduate,University of East Anglia,United Kingdom,Norwich
Tang Jiliang,,Graduate,Guangxi University,Guangxi Zhuang Autonomous Region
Tang Jun,2002—,President,Microsoft,China
Tang Jun,,Graduate,Beijing Institute of Posts and Telecommunications,Beijing Municipality
Tang Ke,1982—1987,Member,CPC,Central Committee
Tang Ke,1977—1982,Member,CPC,Central Committee
Tang Kebi,1977—1982,Alternate Member,CPC,Central Committee
Tang Kebi,1973—1977,Alternate Member,CPC,Central Committee
Tang Liang,1977—1982,Alternate Member,CPC,Central Committee
Tang Liang,1973—1977,Alternate Member,CPC,Central Committee
Tang Liang,1969—1973,Alternate Member,CPC,Central Committee
Tang Liangzhi,2017—,Deputy Secretary,CPC,Municipal Committee,Chongqing Municipality
Tang Minwei,,Secretary,Chongqing Iron and Steel Co., Ltd.,CPC,Party Committee
Tang Minwei,,Board Chairman,Chongqing Iron and Steel Co., Ltd.
Tang Minwei,,General Manager,Chongqing Iron and Steel Co., Ltd.
Tang Minwei,,Deputy Director,Metallurgical Department,Sichuan Province
Tang Minwei,,Deputy Secretary,Metallurgical Department,CPC,Party Committee,Sichuan Province
Tang Minwei,,Executive Deputy Manager,Chongqing Iron and Steel Co., Ltd.,Sichuan Province
Tang Minwei,,Chief Engineer,Chongqing Iron and Steel Co., Ltd.,Sichuan Province
Tang Minwei,,Deputy Director,Chongqing Iron and Steel Co., Ltd.,Quality Control Department
Tang Minwei,,Joined,CPC
Tang Minwei,1964,Graduate,Chongqing University,Mining and Metallurgy Department,Chongqing Municipality
Tang Qishan,1973—1977,Member,CPC,Central Committee
Tang Qishan,1969—1973,Member,CPC,Central Committee
Tang Renjian,2017—2017,Acting Governor,People's Government,Gansu Province
Tang Renjian,2017—,Governor,People's Government,Gansu Province
Tang Renjian,2016—,Deputy Secretary,CPC,Provincial Committee,Gansu Province
Tang Renjian,2014—2016,Vice-Chairman,Autonomous Region People's Government,Guangxi Zhuang Autonomous Region
Tang Shouzheng,1995—,Academician,Chinese Academy of Sciences
Tang Shouzheng,,Researcher,Chinese Academy of Forestry Sciences,Natural Resources Information Institute
Tang Shouzheng,1986—????,Postdoctorate Student,University of New Brunswick,Canada,New Brunswick
Tang Shouzheng,1985,Graduate,Beijing Normal University,Mathematics Department,Beijing Municipality
Tang Shouzheng,1963,Graduate,Beijing Forestry College,Beijing Municipality
Tang Shuangning,2007—,Chairman,China Everbright (CEB)
Tang Shuangning,2003—2007,Vice-Chairman,China Banking Regulatory Commission
Tang Shuangning,1999—2003,Director-General,People's Bank of China,Banking Supervision Department
Tang Shuangning,1998—1999,Director-General,People's Bank of China,Gold and Silver Bureau
Tang Shuangning,1997—1998,Director-General,People's Bank of China,Credit Management Department
Tang Shuangning,1989—1997,President,People's Bank of China,City Branch,Liaoning Province,Shenyang City
Tang Shuangning,1989—1997,Vice-President,People's Bank of China,City Branch,Liaoning Province,Shenyang City
Tang Shuangning,1989—1989,Assistant President,China Construction Bank,Provincial Branch,Liaoning Province
Tang Shuangning,1986—1989,Vice-President,China Construction Bank,City Branch,Liaoning Province,Shenyang City
Tang Shuangning,1982—1986,Deputy Division Chief,China Construction Bank,Provincial Branch,Liaoning Province
Tang Shubei,1998—2003,Vice-Chairman,CPPCC,Subcommittee for Hong Kong, Macao, Taiwan and Overseas Chinese
Tang Shubei,1998—2003,Member,CPPCC,National Committee,Standing Committee
Tang Shubei,1995—1997,Member,Hong Kong SAR Preparatory Committee
Tang Shubei,1993—1998,Vice-Chairman,CPPCC,Coordinating Committee for the Reunification of Motherland
Tang Shubei,1993—1998,Member,CPPCC,National Committee,Standing Committee
Tang Shubei,1991—,Deputy Director,CPC,Central Committee,Offices Under Central Committee,Taiwan Affairs Office
Tang Shubei,1989—????,Deputy Director,Taiwan Affairs Office of the State Council
Tang Shubei,1986—1988,Ambassador,Chinese Embassy,USA,Washington D.C.
Tang Shubei,1983—1986,Consul-General,Chinese Consulate General,USA,California,San Francisco
Tang Shubei,,Secretary,Chinese Embassy,Japan,Tokyo
Tang Shubei,1982—1983,Division Chief,Ministry of Foreign Affairs,Department of Consular Affairs
Tang Shubei,1971—1980,Deputy Division Chief,Ministry of Foreign Affairs,Department of Consular Affairs
Tang Shubei,1957—1969,Editor,China News Service,Broadcasting Department
Tang Shubei,1955—????,Editor,Fujian Daily
Tang Shubei,1949,Joined,CPC
Tang Shujie,1996—,Deputy Director,Government Offices Administration of the State Council
Tang Shujie,1996—,Member,Government Offices Administration of the State Council,CPC,Leading Party Group
Tang Shujie,,Director,Government Offices Administration of the State Council,Logistics System Reforms and Service Guidance Department
Tang Shujie,,Director,Government Offices Administration of the State Council,Personnel Department
Tang Shujie,,Deputy Director,Government Offices Administration of the State Council,Personnel Department
Tang Shujie,1985—????,Staff Member,Government Offices Administration of the State Council
Tang Shujie,1964,Joined,CPC
Tang Tao,2014—,Vice-Minister,Ministry of Human Resources and Social Security
Tang Tao,2012—,Alternate Member,CPC,Central Committee
Tang Tao,2009—2014,Director,CPC,Provincial Committee,Organization Department,Shanxi Province
Tang Tao,2009—2014,Member,CPC,Provincial Committee,Standing Committee,Shanxi Province
Tang Tao,2008—2009,Vice-Governor,People's Government,Hubei Province
Tang Tao,2007—2012,Alternate Member,CPC,Central Committee
Tang Tao,2007—2009,Member,CPC,Provincial Committee,Standing Committee,Hubei Province
Tang Tao,2007—2008,Director,Prefectural People's Congress,Standing Committee,Hubei Province,Enshi County,Tujia-Miao Autonomous Prefecture
Tang Tao,2002—2008,Secretary,CPC,Autonomous Prefectural Committee,Hubei Province,Enshi County,Tujia-Miao Autonomous Prefecture
Tang Tao,2000—2002,Mayor,People's Government,Hubei Province,Enshi City
Tang Tao,2000—2002,Deputy Secretary,CPC,City Committee,Hubei Province,Enshi City
Tang Tao,1998—2000,Student,Wuhan University of Science and Technology,Hubei Province,Wuhan City
Tang Tao,1997—2000,Secretary,CYLC,Provincial-Level,CPC,Leading Party Group,Hubei Province
Tang Tao,1997—2000,Secretary,CYLC,Provincial-Level,Hubei Province
Tang Tao,1996—1997,Deputy Secretary,CPC,Autonomous Prefectural Committee,Hubei Province,Enshi County,Tujia-Miao Autonomous Prefecture
Tang Tao,1996—1997,Director,CPC,Autonomous Prefectural Committee,Organization Department,Hubei Province,Enshi County,Tujia-Miao Autonomous Prefecture
Tang Tao,1992—1996,Deputy Secretary,CYLC,Provincial-Level,Hubei Province
Tang Tao,1992—1996,Member,CYLC,Provincial-Level,CPC,Leading Party Group,Hubei Province
Tang Tao,1992—1992,Director,People's Government,General Office,Hubei Province,Yichang City
Tang Tao,1988—1992,Secretary,CYLC,City-Level,Hubei Province,Yichang City
Tang Tao,1984—1988,Director,CYLC,City-Level,Youth Work Department,Hubei Province,Yichang City
Tang Tianbiao,2002—2007,Member,CPC,Central Committee
Tang Tianbiao,2000—,General,PLA
Tang Tianbiao,1997—2002,Member,CPC,Central Committee
Tang Tianbiao,1995—,Deputy Director,PLA,General Political Department
Tang Tianbiao,1994—2000,Lieutenant General,PLA
Tang Tianbiao,1993—1995,Assistant to the Director,PLA,General Political Department
Tang Tianbiao,1992—1994,Major General,PLA
Tang Tianbiao,1992—1994,Section Chief,PLA,General Political Department,Cadre Department
Tang Tianbiao,1990—1992,Deputy Director,PLA,Services and Arms,Navy,Political Department
Tang Tianbiao,1990—1992,Major General,PLA,Services and Arms,Navy
Tang Tianbiao,1983,Graduate,CPC,Central Committee,Central Party School,Propaganda and Theoretical Personnel Training Course
Tang Tianbiao,1983—1990,Deputy Section Chief,PLA,General Political Department,Cadre Department
Tang Tianbiao,1975—1983,Deputy Commander,PLA,Regions,Guangzhou Military Region,Publicity Department
Tang Tianbiao,1975—1983,Secretary,PLA,Regions,Guangzhou Military Region,Political Department
Tang Tianbiao,1970—1976,Secretary,PLA,Services and Arms,Engineering Corps,Political Department
Tang Tianbiao,1966—1970,Staff Officer,PLA,Regions,Guangzhou Military Region
Tang Tianbiao,1961,Joined,CPC
Tang Tianbiao,1960,Joined,PLA
Tang Tianbiao,1959—1966,Student,Harbin Institute of Military Engineering,Engineering Department,Heilongjiang Province,Harbin City
Tang Wensheng,1977—1982,Alternate Member,CPC,Central Committee
Tang Wensheng,1973—1977,Alternate Member,CPC,Central Committee
Tang Xiaoqing,2003—2008,Deputy,NPC
Tang Xiaoqing,2003—,Vice-Chairman,CPPCC,Municipal Committee,Beijing Municipality
Tang Xiaoqing,2000—,Vice-President,Beihang University (BUAA),Beijing Municipality
Tang Xiaoqing,1999—2000,Dean,Beihang University (BUAA),College of Mechanical Engineering and Automatization,Beijing Municipality
Tang Xiaoqing,1998—2000,Professor,Beihang University (BUAA),College of Mechanical Engineering and Automatization,Beijing Municipality
Tang Xiaoqing,1995—1998,Professor,Beihang University (BUAA),Department of Manufacturing Engineering,Beijing Municipality
Tang Xiaoqing,1995—1998,Director,Beihang University (BUAA),Department of Manufacturing Engineering,Beijing Municipality
Tang Xiaoqing,1992—1995,Associate Professor,Beihang University (BUAA),Department of Manufacturing Engineering,Beijing Municipality
Tang Xiaoqing,1989—1999,Student,University of Manchester,College of Sciences and Technology,United Kingdom,Manchester
Tang Xiaoqing,1986—1989,Lecturer,Beihang University (BUAA),Department of Manufacturing Engineering,Beijing Municipality
Tang Xiaoqing,1986—1989,Teacher,Beihang University (BUAA),Department of Manufacturing Engineering,Beijing Municipality
Tang Xiaoqing,1984—1986,Student,University of Manchester,College of Sciences and Technology,United Kingdom,Manchester
Tang Xiaoqing,1981—1984,Teacher,Beihang University (BUAA),Department of Manufacturing Engineering,Beijing Municipality
Tang Xiaoqing,1978—1981,Student,Beijing Aeronautics Institute,Department of Manufacturing Engineering,Beijing Municipality
Tang Xiaoqing,1975—1978,Teacher,Beijing Aeronautics Institute,Department of Manufacturing Engineering,Beijing Municipality
Tang Xiaoqing,1972—1975,Student,Beijing Aeronautics Institute,Department of Manufacturing Engineering,Beijing Municipality
Tang Xiaoqing,1969—1972,Worker,Heilongjiang Province,Harbin City
Tang Xiaoqing,1967—1969,Student,Heilongjiang Province,Harbin City
Tang Xiaoquan,2004—,Executive Vice-President,Chinese Olympic Committee,Beijing Organizing Committee for the XXIX Olympiad,Beijing Municipality
Tang Xiaoquan,2003—2004,President,China Rehabilitation Research Center
Tang Xiaoquan,2001—2003,Member,China Disabled Persons' Federation,Executive Council
Tang Xiaoquan,1995—2001,Director,China Rehabilitation Research Center
Tang Xiaoquan,1993—1995,Director,China Deaf Child Rehabilitation Research Center
Tang Xiaoquan,1991—1993,Secretary,CYLC,District-Level,Beijing,Xicheng District
Tang Xiaoquan,,Graduate,CPC,Central Committee,Central Party School
Tang Xiaoquan,1969,Joined,CPC
Tang Yunwei,1987,Graduate,Shanghai Institute of Finance and Economics,Shanghai Municipality
Tang Yunwei,1983,Graduate,Shanghai Institute of Finance and Economics,Shanghai Municipality
Tang Yunzhang,1998—2003,Member,CPPCC,National Committee,Standing Committee
Tang Yunzhang,1997—,Chairman,Chinese Peasants and Workers Democratic Party,Provincial Committee,Sichuan Province
Tang Yunzhang,1993—,Vice-Chairman,CPPCC,Provincial Committee,Sichuan Province,Chengdu City
Tang Zhongfu,1973—1977,Member,CPC,Central Committee
Tang Zhongfu,1969—1973,Member,CPC,Central Committee
Tang Zhongwen,1982—1987,Alternate Member,CPC,Central Committee
Tao Bojun,2000—,Commander,PLA,Regions,Chengdu Military Region
Tao Bojun,2000—,General,PLA
Tao Bojun,1997—2002,Member,CPC,Central Committee
Tao Bojun,1992—1997,Delegate,CPC,Central Committee
Tao Bojun,1991—2000,Lieutenant General,PLA
Tao Bojun,1988—1991,Major General,PLA
Tao Bojun,1987—1992,Delegate,CPC,National Congress
Tao Bojun,1985—1992,Chief-of-Staff,PLA,Regions,Chengdu Military Region
Tao Bojun,1983—1985,Deputy Army Commander,PLA,Regions,Chengdu Military Region
Tao Bojun,1983—????,Director,PLA,Regions,Guangzhou Military Region,Wuhan Military District
Tao Bojun,1976—1977,Chief,PLA,Regions,Guangzhou Military Region,Wuhan Military District
Tao Bojun,1961,Joined,CPC
Tao Bojun,1951,Joined,PLA
Tao Dayong,2002—,Honorary Vice-Chairman,China Democratic League,Central Committee
Tao Dayong,2001—,Honorary Chairman,China Democratic League,Municipal Committee,Beijing Municipality
Tao Dayong,1993—1998,Member,Standing Committee of the NPC
Tao Dayong,1988—1993,Vice-Chairman,Financial and Economic Affairs Committee of the NPC
Tao Dayong,1988—1993,Member,Standing Committee of the NPC
Tao Dayong,,Vice-Chairman,China Democratic League,Central Committee
Tao Dayong,1983—1988,Member,Standing Committee of the NPC
Tao Dayong,1983—1988,Member,CPPCC,National Committee,Standing Committee
Tao Dayong,1978—1983,Member,CPPCC,National Committee
Tao Dayong,1954,Professor,Beijing Normal University,Beijing Municipality
Tao Dayong,1947,Joined,China Democratic League
Tao Dayong,1945—1946,Professor,Sichuan University,Sichuan Province
Tao Dayong,1943—1944,Associate Professor,Jiaotong University,Shanghai Municipality
Tao Dayong,1943—1944,Associate Professor,Guangxi University,Guangxi Zhuang Autonomous Region
Tao Hengxian,1955—,Academician,Chinese Academy of Sciences
Tao Hengxian,,Senior Engineer,National Bureau of Machinery Industry
Tao Hengxian,1939,Graduate,Tongji University,Institute of Technology,Shanghai Municipality
Tao Jianxing,2002—2007,Alternate Member,CPC,Central Committee
Tao Jianxing,1997—2002,Alternate Member,CPC,Central Committee
Tao Jianxing,1996—,Chairman,Chunlan Corporation
Tao Jianxing,1996—,Member,CPC,City Committee,Standing Committee,Zhejiang Province,Taizhou City
Tao Jianxing,1993—1996,Member,CPC,County Committee,Standing Committee,Jiangsu Province,Taizhou City
Tao Jianxing,1989—1996,General Manager,Chunlan Air Conditioning Co.
Tao Jianxing,1989—1991,Chairman of the Board,Chunlan Air Conditioning Co.
Tao Jianxing,1985—1991,Director,Jiangsu Province,Taizhou City
Tao Jianxing,1984—1985,Deputy Section Chief,Jiangsu Province,Taizhou City
Tao Jianxing,1977—1984,Technician,Ministry of Forestry,Taizhou Forest Machine Company,Jiangsu Province,Taizhou City
Tao Jianxing,1974,Joined,CPC
Tao Jianxing,1973—1977,Student,Nanjing University,Mathematics Department,Jiangsu Province,Nanjing City
Tao Jianxing,1970—1973,Worker,Ministry of Forestry,Taizhou Forest Machine Company,Jiangsu Province,Taizhou City
Tao Kaiyuan,2013—,Vice-President,Supreme People's Court
Tao Kui,2001—,Executive Director,IRICO Electronics Group Corporation
Tao Kui,2001—,Vice-Chairman,IRICO Electronics Group Corporation
Tao Kui,1995—2001,Director,IRICO Electronics Group Corporation
Tao Kui,1990—1995,Factory Manager,Shaanxi Color Picture Tube Plant,Phosphor Powder Factory
Tao Kui,1990—1995,Factory Manager,Shaanxi Color Picture Tube Plant,Phosphor Glass Factory
Tao Lujia,1973—1977,Member,CPC,Central Committee
Tao Shiyan,1980—,Academician,Chinese Academy of Sciences
Tao Shiyan,,Researcher,Chinese Academy of Sciences,Institute of Atmospheric Physics
Tao Shiyan,1942,Graduate,Central University for Nationalities,Geography Department
Tao Shiyue,1983—1988,Vice-Chairman,CPPCC,National Committee
Tao Siju,2003—,Vice-Chairman,Internal and Judicial Affairs Committee of the NPC
Tao Siju,1998—2003,Member,Standing Committee of the NPC
Tao Siju,1997—????,Head,National Group for Narcotics Control
Tao Siju,1997—2002,Member,CPC,Central Committee
Tao Siju,1992—,Commissioner General,Chinese People's Armed Police Force
Tao Siju,1992—1997,Member,CPC,Central Committee
Tao Siju,1990—,1st Political Commissar,Chinese People's Armed Police Force
Tao Siju,1990—1998,Minister,Ministry of Public Security
Tao Siju,1987—1992,Delegate,CPC,National Congress
Tao Siju,,Vice-Minister,Ministry of Public Security
Tao Siju,1949,Joined,CPC
Tao Suyun,2002—,Vice-President,Sinotrans Limited
Tao Suyun,2002—,Executive Director,Sinotrans Limited
Tao Suyun,1997—2002,Vice-President,China Foreign Trade Transportation Corporation
Tao Suyun,1993—1997,Assistant President,China Foreign Trade Transportation Corporation
Tao Suyun,1987—1993,General Manager,China Foreign Trade Transportation Corporation,First Liner Division
Tao Suyun,1984—1987,General Manager,Sinorick Shipping Agency Company,Germany,Hamburg
Tao Suyun,1980—1984,Deputy General Manager,China National Technical Import and Export Corporation,European Shipping Department
Tao Suyun,,Graduate,Beijing Institute of Foreign Trade,Beijing Municipality
Tao Wuxian,2000—,Deputy Secretary,CPC,Provincial Committee,Sichuan Province
Tao Wuxian,1997—2000,Secretary,CPC,City Committee,Sichuan Province,Chengdu City
Tao Wuxian,1997—2000,Member,CPC,Provincial Committee,Standing Committee,Sichuan Province
Tao Wuxian,1996—1997,Secretary-General,CPC,Provincial Committee,Standing Committee,Sichuan Province
Tao Wuxian,1992—1996,Deputy Secretary,CPC,City Committee,Sichuan Province,Chengdu City
Tao Wuxian,1988—1992,Secretary-General,CPC,City Committee,Sichuan Province,Chengdu City
Tao Wuxian,1986—1987,Deputy Secretary-General,CPC,City Committee,Sichuan Province,Chengdu City
Tao Wuxian,1982—1986,Member,CPC,City Committee,Standing Committee,Sichuan Province,Chengdu City
Tao Wuxian,1977—1982,Deputy Secretary,CPC,City Committee,Sichuan Province,Chengdu City
Tao Wuxian,1977—1982,Deputy Secretary,CYLC,City-Level,Sichuan Province,Chengdu City
Tao Wuxian,1973,Joined,CPC
Tao Wuxian,1969—1977,Worker,Sichuan Province,Deyang County
Tao Wuxian,1965—1969,Student,Sichuan Province,Deyang County
Tao Xihui,2000—,Secretary,Provincial People's Congress,Standing Committee,CPC,Leading Party Group,Sichuan Province
Tao Xihui,2000—,Deputy Director,Provincial People's Congress,Standing Committee,Sichuan Province
Tao Xihui,1998—2003,Deputy,NPC
Tao Xihui,1997—2000,Director,Planning Commission,Sichuan Province
Tao Xihui,1997—2000,Secretary,Planning Commission,CPC,Leading Party Group,Sichuan Province
Tao Xihui,1995—1997,Secretary,CPC,City Committee,Sichuan Province,Zigong City
Tao Xihui,1993—1998,Deputy,NPC,Sichuan Province,Zigong City
Tao Xihui,1992—1995,Mayor,People's Government,Sichuan Province,Zigong City
Tao Xihui,1992—1993,Vice-Mayor,People's Government,Sichuan Province,Zigong City
Tao Xihui,1991—1995,Deputy Secretary,CPC,City Committee,Sichuan Province,Zigong City
Tao Xihui,1990—1991,Director,CPC,City Committee,Organization Department,Sichuan Province,Zigong City
Tao Xihui,1990—1991,Member,CPC,City Committee,Standing Committee,Sichuan Province,Zigong City
Tao Xihui,1988—1990,Secretary-General,CPC,City Committee,Sichuan Province,Zigong City
Tao Xihui,1987—1988,Secretary,Industrial Board of Trustees,CPC,Leading Party Group,Sichuan Province,Zigong City
Tao Xihui,1987—1988,Director,Industrial Board of Trustees,Sichuan Province,Zigong City
Tao Xihui,1984—1987,Deputy Director,Economic and Trade Committee,Sichuan Province,Zigong City
Tao Xihui,1983—1984,Deputy Director,Mechanical Industry Bureau,Sichuan Province,Zigong City
Tao Xihui,1979,Joined,CPC
Tao Xihui,1968—1983,Deputy Director,Sichuan Province,Zigong City
Tao Xihui,1968—1983,Technician,Sichuan Province,Zigong City
Tao Xihui,1963—1968,Student,Northwest China Institute of Technology,Aerodynamics Department
Tao Zhu,1956—1969,Member,CPC,Central Committee
Teng Daiyuan,1973—1977,Member,CPC,Central Committee
Teng Daiyuan,1969—1973,Member,CPC,Central Committee
Teng Daiyuan,1964—1978,Vice-Chairman,CPPCC,National Committee
Teng Daiyuan,1956—1969,Member,CPC,Central Committee
Teng Haiqing,1969—1973,Member,CPC,Central Committee
Teng Jiacai,2013—,Deputy Director,China Food and Drug Administration
Teng Jiacai,2012—2013,Deputy Director,State Administration of Industry and Commerce
Teng Jiacai,2010—2012,Vice-Mayor,People's Government,Jilin Province,Changchun City
Teng Jiuming,2002—,Secretary,CPC,Municipal Committee,Commission for Discipline Inspection,Chongqing Municipality
Teng Jiuming,2001—,Secretary-General,CPC,Municipal Committee,Chongqing Municipality
Teng Jiuming,1997—,Member,CPC,Municipal Committee,Standing Committee,Chongqing Municipality
Teng Jiuming,1997—2002,Delegate,CPC,National Congress
Teng Jiuming,1993—,Deputy Secretary,CPC,Municipal Committee,Chongqing Municipality
Teng Jiuming,1988—1993,Head,CPC,Municipal Committee,Publicity Department,Chongqing Municipality
Teng Jiuming,1987—1993,Secretary-General,CPC,Municipal Committee,Chongqing Municipality
Teng Jiuming,1987—1993,Member,CPC,Municipal Committee,Standing Committee,Chongqing Municipality
Teng Jiuming,1985—1987,Deputy Secretary,CPC,District Committee,Chongqing Municipality,Beibei District
Teng Jiuming,1983—1985,Student,CPC,Central Committee,Central Party School
Teng Jiuming,1982—1985,Secretary,CPC,District Committee,Chongqing Municipality,Dadukou District
Teng Jiuming,1979—1982,Director,CPC,District Committee,Cultural Revolution,Revolutionary Committee,Chongqing Municipality,Dadukou District
Teng Jiuming,1979—1982,Deputy Director,CPC,District Committee,General Office,Chongqing Municipality,Dadukou District
Teng Jiuming,1979—1982,Deputy Secretary,CPC,District Committee,Chongqing Municipality,Dadukou District
Teng Jiuming,1973—1979,Office Director,CPC,District Committee,Cultural Revolution,Revolutionary Committee,Chongqing Municipality,Dadukou District
Teng Jiuming,1973—????,Secretary,CYLC,District-Level,Chongqing Municipality,Dadukou District
Teng Jiuming,1973—1979,Office Director,CPC,District Committee,General Office,Chongqing Municipality,Dadukou District
Teng Jiuming,,Member,Chongqing No. 96 Middle School,CPC,Party Committee,Chongqing Municipality
Teng Jiuming,,Dean,Chongqing No. 96 Middle School,Chongqing Municipality
Teng Jiuming,,Secretary,Chongqing No. 96 Middle School,CYLC,Institutional Level,Chongqing Municipality
Teng Jiuming,,Cultural Revolution,Cultural Revolution,Sent to do manual labor
Teng Jiuming,1966,Graduate,Southwest China Teachers' College,Chinese Literature Department,Chongqing Municipality
Teng Jiuming,1965,Postgraduate Student,CPC,Central Committee,Central Party School
Teng Jiuming,1965,Joined,CPC
Teng Jiwen,1999—,Academician,Chinese Academy of Sciences
Teng Jiwen,,Researcher,Chinese Academy of Sciences,Geophysics Research Institute
Teng Jiwen,1962,Graduate,Russian Academy of Science,Geophysics Institute
Teng Jiwen,1956,Graduate,Northeast University of Earth Science,Geophysics Department
Teng Teng,1998—2003,Member,Standing Committee of the NPC
Teng Teng,1993—1998,Member,Education, Science, Culture and Health Committee of the NPC
Teng Teng,1993—1998,Member,Standing Committee of the NPC
Teng Teng,1993—????,Vice-President,Chinese Academy of Social Sciences
Teng Teng,1988—1993,Vice-Chairman,UNESCO,Executive Board
Teng Teng,1986—1987,Vice-President,Chinese Academy of Sciences
Teng Teng,1986—1987,Deputy Head,CPC,Central Committee,Propaganda Department
Teng Teng,1985—1986,Vice-Minister,State Science and Technology Commission
Teng Teng,1980—1984,Professor,Tsinghua University,Beijing Municipality
Teng Teng,1960—1965,Deputy Director,Tsinghua University,Chemical Engineering Department,Beijing Municipality
Teng Teng,1951,Graduate,Tsinghua University,Chemical Engineering Department,Beijing Municipality
Teng Teng,1948,Joined,CPC
Teng Weiping,2003—,Vice-Governor,People's Government,Liaoning Province
Teng Weiping,2003—2008,Deputy,NPC
Teng Weiping,2002—2003,President,China Medical University,Liaoning Province,Shenyang City
Teng Weiping,1998—2003,Deputy,NPC
Teng Weiping,1997—2002,Vice-President,China Medical University,Liaoning Province,Shenyang City
Teng Weiping,1995—1997,Vice-Dean,China Medical University,1st Affiliated Hospital,Liaoning Province,Shenyang City
Teng Weiping,1994—1995,Visiting Scholar,University of Toronto,Canada,Toronto
Teng Weiping,1988—1990,Visiting Scholar,University of Cambridge,United Kingdom,Cambridge
Teng Weiping,1981—1988,Professor,China Medical University,1st Affiliated Hospital,Liaoning Province,Shenyang City
Teng Weiping,1978—1981,Student,China Medical University,Liaoning Province,Shenyang City
Teng Wensheng,2002—,Director,CPC,Central Committee,Literature Research Office
Teng Wensheng,2002—2007,Member,CPC,Central Committee
Teng Wensheng,1997—2002,Member,CPC,Central Committee
Teng Wensheng,1989—1997,Director,CPC,Central Committee,Policy Research Office
Teng Wensheng,1988—1992,Deputy Chief of Secretary,CPC,Central Committee,Counsellors Committee
Teng Wensheng,1986—1988,Section Chief,CPC,Central Committee,Research Office,Theory Section
Teng Wensheng,1982—1986,Deputy Section Chief,CPC,Central Committee,Research Office,Theory Section
Teng Wensheng,1979—1980,Staff Member,CPC,Central Committee,Research Office
Teng Wensheng,1975—1979,Staff Member,General Office of the State Council,Political Science Research Office
Teng Wensheng,1974—1975,Staff Member,People's Publications of China,Beijing Municipality
Teng Wensheng,1965—1974,Worker,Cultural Revolution,May 7th Cadre School,Hebei Province,Shijiazhuang City
Teng Wensheng,1965,Joined,CPC
Teng Wensheng,1964—1965,Worker,Hongqi Magazine,Beijing Municipality
Teng Wensheng,1964,Graduate,Renmin University of China,History Department,Beijing Municipality
Tian Bao,1977—1982,Member,CPC,Central Committee
Tian Bao,1973—1977,Member,CPC,Central Committee
Tian Bao,1969—1973,Member,CPC,Central Committee
Tian Bo,1991—,Academician,Chinese Academy of Sciences
Tian Bo,,Member,Indian Virus Academy
Tian Bo,,Member,International Viroid Working Team
Tian Bo,,Senior Member,American Virus Academy
Tian Bo,,Researcher,Chinese Academy of Sciences,Microorganism Research Institute
Tian Bo,1954,Graduate,Beijing Agricultural University,Botanic Protection Department,Beijing Municipality
Tian Chengping,2008—,Deputy Director,CPC,Central Committee,Central Leading Small Group for Rural Work
Tian Chengping,2007—2012,Member,CPC,Central Committee
Tian Chengping,2005—2008,Secretary,Ministry of Labor and Social Security,CPC,Leading Party Group
Tian Chengping,2005—2008,Deputy Director,All-China Working Committee for Old Age
Tian Chengping,2005—2008,Minister,Ministry of Labor and Social Security
Tian Chengping,2003—2005,Chairman,Provincial People's Congress,Standing Committee,Shanxi Province
Tian Chengping,2002—2007,Member,CPC,Central Committee
Tian Chengping,2000—2001,Chairman,CPPCC,Provincial Committee,Shanxi Province
Tian Chengping,1999—2005,Secretary,CPC,Provincial Committee,Shanxi Province
Tian Chengping,1999—2005,Member,CPC,Provincial Committee,Standing Committee,Shanxi Province
Tian Chengping,1998—2003,Deputy,NPC
Tian Chengping,1998—1999,Chairman,Provincial People's Congress,Standing Committee,Qinghai Province
Tian Chengping,1997—2002,Member,CPC,Central Committee
Tian Chengping,1997—1999,Secretary,CPC,Provincial Committee,Qinghai Province
Tian Chengping,1993—1997,Governor,People's Government,Qinghai Province
Tian Chengping,1993—1998,Deputy,NPC
Tian Chengping,1992—1993,Vice-Governor,People's Government,Qinghai Province
Tian Chengping,1992—1993,Acting Governor,People's Government,Qinghai Province
Tian Chengping,1992—1997,Alternate Member,CPC,Central Committee
Tian Chengping,1988—1997,Deputy Secretary,CPC,Provincial Committee,Qinghai Province
Tian Chengping,1984—1988,Secretary,CPC,District Committee,Beijing,Xicheng District
Tian Chengping,1983—1984,Deputy Secretary,Beijing Yanshan Petrochemical Corp.,CPC,Party Committee
Tian Chengping,1974—1983,Deputy Secretary,Beijing Yanshan Petrochemical Corp.,Qianjin Chemical Plant,Beijing Municipality
Tian Chengping,1973—1974,Secretary,Beijing General Petrochemical Works,CYLC,Institutional Level,Beijing Municipality
Tian Chengping,1970—1973,Secretary,Shengli Chemical Plant,Publicity Section,Shandong Province,Shengli
Tian Chengping,1970—1973,Secretary,Beijing General Petrochemical Works,CPC,Party Committee,Publicity Department
Tian Chengping,1968—1970,Cultural Revolution,Cultural Revolution,Sent to do manual labor,Anhui Province,Huoqiucheng
Tian Chengping,1964,Joined,CPC
Tian Chengping,1962—1968,Student,Tsinghua University,Civil Engineering Department,Beijing Municipality
Tian Chengzhong,2008—,Vice-Governor,People's Government,Hubei Province
Tian Chengzhong,2004—2008,Secretary,CPC,City Committee,Hubei Province,Xiangfan City
Tian Chengzhong,2004—2008,Director,City People's Congress,Standing Committee,Hubei Province,Xiangfan City
Tian Chengzhong,2003—2004,Deputy Secretary,CPC,City Committee,Hubei Province,Wuhan City
Tian Chengzhong,1996—2003,Secretary,CPC,City Committee,Henan Province,Pingdingshan City
Tian Chengzhong,1996—2003,Mayor,People's Government,Henan Province,Pingdingshan City
Tian Chengzhong,1991—1996,Executive Vice-Mayor,People's Government,Henan Province,Luohe City
Tian Chengzhong,1991—1996,Director,Planning Committee,Henan Province,Luohe City
Tian Chengzhong,1991—1996,Deputy Secretary-General,CPC,City Committee,Henan Province,Luohe City
Tian Chengzhong,1988—1991,Magistrate,County (District) People's Court,Henan Province,Lingying County
Tian Chengzhong,1988—1991,Director,County People's Congress,Standing Committee,Henan Province,Lingying County
Tian Chengzhong,1988—1991,Secretary,CPC,County Committee,Henan Province,Lingying County
Tian Chengzhong,1986—1988,Deputy Director,Economic Committee,Henan Province,Lingying County
Tian Chengzhong,1977—1980,Student,Harbin Shipbuilding Institute,Heilongjiang Province,Harbin City
Tian Congming,2002—2007,Member,CPC,Central Committee
Tian Congming,2000—2008,President,Xinhua News Agency
Tian Congming,2000—,Secretary,Xinhua News Agency,CPC,Leading Party Group
Tian Congming,1998—2000,Secretary,State Administration of Radio, Film and Television,CPC,Leading Party Group
Tian Congming,1998—2000,Director,State Administration of Radio, Film and Television
Tian Congming,1997—2002,Member,CPC,Central Committee
Tian Congming,1992—1997,Member,CPC,Central Committee
Tian Congming,1990—1998,Vice-Minister,Ministry of Radio, Film and Television
Tian Congming,1990—1998,Deputy Secretary,Ministry of Radio, Film and Television,CPC,Leading Party Group
Tian Congming,1988—1990,Deputy Secretary,CPC,Autonomous Regional Committee,Tibet Autonomous Region
Tian Congming,1987—1988,Student,CPC,Central Committee,Central Party School
Tian Congming,1984—1988,Deputy Secretary,CPC,Autonomous Regional Committee,Inner Mongolia Autonomous Region
Tian Congming,1983—1987,Secretary-General,CPC,Autonomous Regional Committee,Inner Mongolia Autonomous Region
Tian Congming,1983—1984,Member,CPC,Autonomous Regional Committee,Standing Committee,Inner Mongolia Autonomous Region
Tian Congming,1980—1983,Deputy Director,CPC,Autonomous Regional Committee,Policy Research Office,Inner Mongolia Autonomous Region
Tian Congming,1980—1982,Secretary,CPC,Autonomous Regional Committee,General Office,Inner Mongolia Autonomous Region
Tian Congming,1975—1980,Reporter,Xinhua News Agency,Inner Mongolia Bureau,Inner Mongolia Autonomous Region
Tian Congming,1975—1980,Section Director,Xinhua News Agency,Inner Mongolia Bureau,Farming Department,Inner Mongolia Autonomous Region
Tian Congming,1975—1980,Deputy Office Director,Xinhua News Agency,Inner Mongolia Bureau,Inner Mongolia Autonomous Region
Tian Congming,1972—1975,Clerk,Autonomous Region People's Government,Political Department,Inner Mongolia Autonomous Region,Bayannur League
Tian Congming,1970,Graduate,Beijing Normal University,Beijing Municipality
Tian Congming,1965,Joined,CPC
Tian Fengshan,2002—2004,Member,CPC,Central Committee
Tian Fengshan,2000—2003,Minister,Ministry of Land and Resources
Tian Fengshan,1999—2003,Secretary,Ministry of Land and Resources,CPC,Leading Party Group
Tian Fengshan,1997—2002,Member,CPC,Central Committee
Tian Fengshan,1995—1999,Governor,People's Government,Heilongjiang Province
Tian Fengshan,1994—1995,Vice-Governor,People's Government,Heilongjiang Province
Tian Fengshan,1992—1997,Alternate Member,CPC,Central Committee
Tian Fengshan,1992—1999,Deputy Secretary,CPC,Provincial Committee,Heilongjiang Province
Tian Fengshan,1991—1992,Member,CPC,Provincial Committee,Standing Committee,Heilongjiang Province
Tian Fengshan,1991—1994,Secretary,CPC,City Committee,Heilongjiang Province,Harbin City
Tian Fengshan,1989—1991,Vice-Governor,People's Government,Heilongjiang Province
Tian Fengshan,1988—1989,Secretary,CPC,City Committee,Heilongjiang Province,Mudanjiang City
Tian Fengshan,1987—1988,Deputy Secretary,Prefectural Administrative Office,CPC,Party Committee,Heilongjiang Province,Suihua Prefecture
Tian Fengshan,1987—1988,Commissioner,Prefectural Administrative Office,Heilongjiang Province,Suihua Prefecture
Tian Fengshan,1985—1987,Deputy Commissioner,Prefectural Administrative Office,Heilongjiang Province,Suihua Prefecture
Tian Fengshan,1983—1985,Magistrate,County (District) People's Court,Heilongjiang Province,Zhaoyuan County
Tian Fengshan,1981—1981,Student,Shenyang Agricultural College,Heilongjiang Province
Tian Fengshan,1979—1979,Student,CPC,Provincial Committee,Party School,Heilongjiang Province
Tian Fengshan,1977—1983,Deputy Magistrate,County (District) People's Court,Heilongjiang Province,Zhaoyuan County
Tian Fengshan,1977—1985,Deputy Secretary,CPC,County Committee,Heilongjiang Province,Zhaoyuan County
Tian Fengshan,1973—1977,Secretary,Zhaoyuan People's Commune,CPC,Party Committee,Heilongjiang Province,Zhaoyuan County
Tian Fengshan,1973—1975,Chairman,Cultural Revolution,Revolutionary Committee,Heilongjiang Province,Zhaoyuan County
Tian Fengshan,1970,Joined,CPC
Tian Fengshan,1969—1973,Deputy Director,Cultural Revolution,Revolutionary Committee,Political Department,Heilongjiang Province,Zhaoyuan County
Tian Fengshan,1969—1973,Deputy Chief,Cultural Revolution,Revolutionary Committee,Work Group,Heilongjiang Province,Zhaoyuan County
Tian Fengshan,1969—1973,Chief,Cultural Revolution,Revolutionary Committee,Publicity Group,Heilongjiang Province,Zhaoyuan County
Tian Fengshan,1967—1969,Secretary,Cultural Revolution,Revolutionary Committee,Work Group,Heilongjiang Province,Zhaoyuan County
Tian Fengshan,1964—1967,Teacher,Yishun Commune,Heilongjiang Province,Zhaoyuan County
Tian Fengshan,1964,Graduate,2nd Artillery Technical College,Shaanxi Province,Xi'an City
Tian Fuda,1997—,Honorary Vice-Chairman,Taiwan Democratic Self-Government League (TDSGL),Central Committee
Tian Fuda,1993—1998,Deputy,NPC
Tian Fuda,1992—1997,Vice-Chairman,Taiwan Democratic Self-Government League (TDSGL),General Appraisal Committee
Tian Fuda,1978—1983,Member,CPPCC,National Committee
Tian Fuda,1964—1978,Member,CPPCC,National Committee
Tian Fuda,1959—1964,Member,CPPCC,National Committee
Tian Fuda,1954—1959,Member,CPPCC,National Committee
Tian Fuda,1954—1959,Deputy,NPC
Tian Fuda,1949,Joined,Taiwan Democratic Self-Government League (TDSGL)
Tian Fuda,1948,Joined,CPC
Tian Fuda,1947,Joined,PLA
Tian Guangtao,,Honorary Vice-Chairman,Chinese Peasants and Workers Democratic Party,Central Committee
Tian Guangtao,1993—1998,Member,CPPCC,National Committee
Tian Guangtao,1988—1993,Member,CPPCC,National Committee
Tian Guangtao,1983—1988,Member,CPPCC,National Committee
Tian Guangtao,1980—1982,Deputy Director,State Personnel Bureau
Tian Guangtao,1978—1980,President,Beijing Institute of Foreign Trade,Beijing Municipality
Tian Guangtao,1978—1982,General Manager,China National Metals and Minerals Import and Export Corporation
Tian Guangtao,1952—1956,Deputy Director,Ministry of Communications,Personnel Department
Tian Guangtao,1952,Joined,Chinese Peasants and Workers Democratic Party
Tian Guangtao,1940—1941,Secretary,CPC,County Committee,Hebei Province,Weixian County
Tian Guangtao,1937,Joined,CPC
Tian Guoli,2013—,Chairman,Bank of China,Board of Directors
Tian Guoli,2013—,Secretary,Bank of China,CPC,Party Committee
Tian Guoli,2013—,Executive Member,Bank of China,Board of Directors
Tian Guoli,2010—2013,General Manager,CITIC Group,CITIC Limited
Tian Guoli,2010—2013,Vice-Chairman,CITIC Group,CITIC Limited,Board of the Directors
Tian Guoli,2004—2010,CEO,China Cinda Asset Management Corporation
Tian Guoli,1999—2010,Chairman,China Cinda Asset Management Corporation,Board of the Directors
Tian Guoli,1997—1999,Assistant Governor,China Construction Bank
Tian Guoli,1994—1997,General Manager,China Construction Bank,Sales Department
Tian Guoli,1992—1994,Vice-Governor,China Construction Bank,City Branch,Beijing Municipality
Tian Guoli,1983—1992,Staff Member,China Construction Bank
Tian Guoli,1979—1982,Student,Zhongnan University of Economics and Law,Hubei Province,Zhongnan
Tian Huagui,1973—1977,Member,CPC,Central Committee
Tian Huagui,1969—1973,Member,CPC,Central Committee
Tian Jin,2013—,Deputy Director,State General Administration of Press, Publication, Radio, Film and Television
Tian Jin,2004—2013,Deputy Director,State Administration of Radio, Film and Television
Tian Jin,2003—2013,Member,State Administration of Radio, Film and Television,CPC,Leading Party Group
Tian Jin,2001—2004,Deputy Editor-in-Chief,State Administration of Radio, Film and Television
Tian Jin,1997—1998,Student,CPC,Central Committee,Central Party School
Tian Jin,1995—2001,Cadre,Information Office of the State Council,6th Bureau
Tian Jin,1993—1996,Student,Hunan University,Hunan Province,Changsha City
Tian Jin,1993—1995,Deputy Director,Xinhua News Agency,Hong Kong Branch,Coordinator Department,Hong Kong SAR
Tian Jin,1991—1993,Deputy Director,CPC,Central Committee,United Front Work Department,General Office
Tian Jin,1988—1991,Director,Taiwan Affairs Office of the State Council,Secretary Bureau
Tian Jin,1981—1988,Secretary,CPC,Central Committee,Politburo,Secretariat
Tian Jin,1973—1981,Staff Member,CPC,Central Committee,General Office,Secretarial Office
Tian Jing,2015—,Director,National Administration for Protection of State Secrets
Tian Jiyun,1998—2003,Vice-Chairman,Standing Committee of the NPC
Tian Jiyun,1997—2002,Member,CPC,Central Committee,Politburo
Tian Jiyun,1997—2002,Member,CPC,Central Committee
Tian Jiyun,1993—1998,Vice-Chairman,Standing Committee of the NPC
Tian Jiyun,1992—1997,Member,CPC,Central Committee,Politburo
Tian Jiyun,1992—1997,Member,CPC,Central Committee
Tian Jiyun,1987—1992,Member,CPC,Central Committee
Tian Jiyun,1987—1992,Member,CPC,Central Committee,Politburo
Tian Jiyun,1985—1987,Member,CPC,Central Committee,Politburo,Secretariat
Tian Jiyun,1985—1987,Co-opted Member,CPC,Central Committee,Politburo
Tian Jiyun,1983—1993,Vice-Premier,State Council
Tian Jiyun,1983—1987,Chairman,China Committee of the International Decade for Natural Disaster Reduction
Tian Jiyun,1982—1987,Member,CPC,Central Committee
Tian Jiyun,,Director,State Flood Control and Drought Relief Headquarters
Tian Jiyun,,Director,National Afforestation Committee
Tian Jiyun,,Secretary-General,State Council
Tian Jiyun,1981—1983,Deputy Secretary-General,State Council
Tian Jiyun,,Director,Financial Bureau,Sichuan Province
Tian Jiyun,1969—????,Deputy Director,Financial Bureau,Sichuan Province
Tian Jiyun,,Deputy Director,Finance Department,Guizhou Province
Tian Jiyun,,Division Chief,Finance Department,Guizhou Province
Tian Jiyun,,Section Chief,Finance Department,Guizhou Province
Tian Jiyun,,Administrative Cadre,Provincial Training Class for Financial Cadres,Guizhou Province
Tian Jiyun,,Teacher,Guiyang People's Revolutionary University,Guizhou Province,Guiyang City
Tian Jiyun,1945,Joined,CPC
Tian Lipu,2007—2012,Member,CPC,Central Committee,Central Commission for Discipline Inspection
Tian Lipu,2005—2014,Director,State Intellectual Property Office
Tian Lipu,2001—2005,Deputy Commissioner,State Intellectual Property Office
Tian Lipu,2000—2001,Director General,State Intellectual Property Office,Automation Department
Tian Lipu,1998—2000,Deputy Director,State Intellectual Property Office,Automation Department
Tian Lipu,1981,Graduate,University of Science and Technology of China,Beijing Municipality
Tian Lipu,,Graduate,Tianjin Institute of Light Industry,Tianjin Municipality
Tian Qiyu,1993—1998,Deputy,NPC
Tian Qiyu,1992—,Vice-Minister,Ministry of Public Security
Tian Qiyu,1992—????,Deputy Commissioner-General,Chinese People's Armed Police Force
Tian Qiyu,1987—1992,Director,Public Security Department,Hubei Province
Tian Qiyu,1987—1992,Member,CPC,Provincial Committee,Standing Committee,Hubei Province
Tian Qiyu,1982—1983,Deputy Secretary,CPC,City Committee,Hubei Province,Enshi City
Tian Qiyu,1976—1982,Deputy Director,CPC,Prefectural Committee,General Office,Hubei Province,Enshi Prefecture
Tian Qiyu,1965—1975,Deputy Head,Cultural Revolution,Revolutionary Committee,Propaganda Department,Hubei Province,Jianshi County
Tian Qiyu,1965—1975,Deputy Head,Cultural Revolution,Revolutionary Committee,Work Group,Hubei Province,Jianshi County
Tian Qiyu,1965,Joined,CPC
Tian Qiyu,1963,Graduate,Central China Teachers' College,Physics Department
Tian Shihong,2013—,Director,Standardization Administration of China
Tian Shixing,1982—1987,Alternate Member,CPC,Central Committee
Tian Shulan,1997—2002,Member,CPC,Central Committee,Central Commission for Discipline Inspection
Tian Shulan,1993—,Secretary,All-China Women's Federation,Secretariat
Tian Shulan,1993—1997,Chief,National Women's Union,General Office
Tian Weiqian,2000—,Vice-Governor,People's Government,Anhui Province
Tian Weiqian,1999—2000,Assistant Governor,People's Government,Anhui Province
Tian Weiqian,1998—2001,Secretary,CPC,Provincial Committee,General Office,Anhui Province
Tian Weiqian,1998—1999,Secretary,CPC,City Committee,Anhui Province,Wuhu City
Tian Weiqian,1997—2002,Delegate,CPC,National Congress
Tian Weiqian,1994—1995,Deputy Secretary,CPC,City Committee,Anhui Province,Wuhu City
Tian Weiqian,1991—1995,Vice-Mayor,People's Government,Anhui Province,Wuhu City
Tian Weiqian,1988—1994,Member,CPC,City Committee,Standing Committee,Anhui Province,Wuhu City
Tian Weiqian,1988—1991,Secretary-General,CPC,City Committee,Anhui Province,Wuhu City
Tian Weiqian,1987—1988,Secretary,CPC,County Committee,Anhui Province,Qingyang County
Tian Weiqian,1986,Graduate,CPC,Central Committee,Central Party School,Training Department
Tian Weiqian,1981—1987,Assistant Manager,Wuhu Chemical Industry Company,Anhui Province,Wuhu City
Tian Weiqian,1978—1981,Secretary,Wuhu Iron Smeltery,CPC,Party Committee,Anhui Province,Wuhu City
Tian Weiqian,1978—1981,Director,Wuhu Iron Smeltery,Anhui Province,Wuhu City
Tian Weiqian,1976—1978,Deputy Director,Wuhu Iron Smeltery,Anhui Province,Wuhu City
Tian Weiqian,1976—1978,Deputy Secretary,Wuhu Iron Smeltery,CPC,Party Committee,Anhui Province,Wuhu City
Tian Weiqian,1973—1976,Deputy Director,Wuhu Iron Plant,Anhui Province,Wuhu City
Tian Weiqian,1972,Joined,CPC
Tian Weiqian,1969—1973,Deputy Chief,Wuhu Iron Plant,Anhui Province,Wuhu City
Tian Weiqian,1965—1969,Student,Nanjing Infantry School,Jiangsu Province,Nanjing City
Tian Weixin,1973—1977,Member,CPC,Central Committee
Tian Xing,2000—,General Manager,Hanjian Construction Group,Beijing Municipality
Tian Xing,1997—2000,Assistant Manager,Hanjian Construction Group,Beijing Municipality
Tian Xing,1997—2000,Deputy Secretary,Hanjian Construction Group,CPC,Party Committee,Beijing Municipality
Tian Xing,1982—1996,Deputy Director,Hanjian Construction Group,Technology Department,Beijing Municipality
Tian Xing,1977—1982,Technician,Hanjian Construction Group,Beijing Municipality
Tian Xing,,Joined,CPC
Tian Xiong,2000—,Secretary,Hanjian Construction Group,CPC,Party Committee,Beijing Municipality
Tian Xiong,2000—,Chairman,Hanjian Construction Group,Beijing Municipality
Tian Xiong,1998—2000,Vice Manager,Fangjian Construction Group,Beijing,Fangshan District
Tian Xiong,1997—,Member,Municipal People's Congress,Standing Committee,Beijing Municipality
Tian Xiong,1995—2000,General Manager,Beijing,Fangshan District
Tian Xiong,1993—1995,Secretary,CPC,District Committee,Beijing,Fangshan District
Tian Xiong,1988—1993,Deputy Secretary,CPC,District Committee,Beijing,Fangshan District
Tian Xiong,1988—1993,Manager,Fangjian Construction Group,Beijing,Fangshan District
Tian Xiong,,Joined,CPC
Tian Xiusi,2012—,Member,CPC,Central Committee
Tian Xiusi,2009—,Political Commissar,PLA,Regions,Chengdu Military Region
Tian Xiusi,2007—2012,Member,CPC,Central Committee
Tian Xiusi,2005—,Member,CPC,Autonomous Regional Committee,Standing Committee,Xinjiang Uygur Autonomous Region
Tian Xiusi,2004—2009,Political Commissar,PLA,Regions,Lanzhou Military Region,Xinjiang Military District,Xinjiang Uygur Autonomous Region
Tian Xiusi,2002—2004,Student,Political Academy of the Chinese PLA,Military and Political Department
Tian Xiusi,2000—2002,Deputy Director,PLA,Regions,Lanzhou Military Region,Political Department,Gansu Province,Lanzhou City
Tian Xiusi,1999—2000,Deputy Director,PLA,Regions,Lanzhou Military Region,Xinjiang Military District,Xinjiang Uygur Autonomous Region
Tian Xiusi,1995—1999,Director,PLA,Regions,Nanjing Military Region,Political Department,Jiangsu Province,Nanjing City
Tian Xiusi,1994—1995,Student,University of National Defense,Beijing Municipality
Tian Xiusi,1994—1995,Deputy Director,PLA,Regions,Lanzhou Military Region,Xinjiang Military District,Xinjiang Uygur Autonomous Region
Tian Xuebin,2015—,Vice-Minister,Ministry of Water Resources
Tian Xuebin,2008—2015,Deputy Director,Research Office of the State Council
Tian Xuebin,2008—2015,Member,Research Office of the State Council,CPC,Leading Party Group
Tian Xuejun,2017—,Vice-Minister,Ministry of Education
Tian Yuke,2008—2013,Member,Standing Committee of the NPC
Tian Yuke,2008—2013,Member,Nationalities Committee of the NPC
Tian Yuke,,Director,Tongji Hospital,Teaching and Research Laboratory of Anesthetics,Hubei Province,Wuhan City
Tian Yuke,,Vice-Chairman,Hubei Provincial Women's Federation
Tian Yuke,,Member,Jiusan Society,Central Committee
Tian Yuke,2003—2008,Member,Standing Committee of the NPC
Tian Yuke,1998—2003,Member,Standing Committee of the NPC
Tian Yuke,1971—1974,Student,Huazhong University of Science and Technology,Tongji Medical College,Hubei Province,Wuhan City
Tian Zengpei,1998—2003,Member,CPPCC,National Committee,Standing Committee
Tian Zengpei,1998—2003,Chairman,CPPCC,Subcommittee of Foreign Affairs
Tian Zengpei,1997—2002,Delegate,CPC,National Congress
Tian Zengpei,1992—1997,Member,CPC,Central Committee
Tian Zengpei,1988—1998,Vice-Minister,Ministry of Foreign Affairs
Tian Zengpei,1986—1988,Ambassador,Chinese Embassy,Yugoslavia,Belgrade
Tian Zengpei,1985—1986,Division Chief,Ministry of Foreign Affairs,Soviet Union and East European Affairs Department
Tian Zengpei,1984—1985,Ambassador,Chinese Embassy,Czechoslovakia,Prague
Tian Zengpei,1976—1984,Counselor,Chinese Embassy,Russia,Moscow
Tian Zengpei,1973—1976,Deputy Division Chief,Ministry of Foreign Affairs,Soviet Union and East European Affairs Department
Tian Zengpei,1970—1973,Director,Ministry of Foreign Affairs,Soviet Union and East European Affairs Department
Tian Zengpei,1958—1970,Deputy Director,Ministry of Foreign Affairs,Political Department
Tian Zengpei,1952—1954,Student,CYLC,Central Committee,Party School
Tian Zengpei,1947,Joined,CPC
Tian Zhaowu,1996—????,Vice-President,International Electrochemistry Association
Tian Zhaowu,1996—,Academician,Third World Academy of Sciences
Tian Zhaowu,1986—????,President,China Chemistry Association
Tian Zhaowu,1984,Graduate,University of Wales,United Kingdom,Wales
Tian Zhaowu,1982—1989,President,Xiamen University,Fujian Province,Xiamen City
Tian Zhaowu,1980—,Academician,Chinese Academy of Sciences
Tian Zhaowu,,Professor,Xiamen University,Chemistry Department,Fujian Province,Xiamen City
Tian Zhaowu,1949,Graduate,Xiamen University,Chemistry Department,Fujian Province,Xiamen City
Tian Zhong,2014—,Deputy Commander,PLA,Services and Arms,Navy
Tian Zhong,2012—,Member,CPC,Central Committee
Tian Zhong,2009—,Vice-Admiral,PLA,Services and Arms,Navy
Tian Zhong,2007—,Commander,PLA,Services and Arms,Navy,North China Sea Fleet
Tian Zhong,2007—2014,Deputy Commander,PLA,Regions,Jinan Military Region
Tian Zhong,2007—2007,Chief of the Staff,PLA,Services and Arms,Navy,North China Sea Fleet
Tian Zhong,2001—2009,Rear Admiral,PLA,Regions,Jinan Military Region
Tian Zhong,1974,Joined,PLA
Tie Ning,2016—,Chairman,Chinese Writers Association
Tie Ning,2016—,Chairman,China Federation of Literary and Art Circles (CFLAC)
Tie Ning,2012—,Member,CPC,Central Committee
Tie Ning,2007—2012,Alternate Member,CPC,Central Committee
Tie Ning,,Vice-Chairman,Chinese Writers Association
Tie Ning,2002—2007,Alternate Member,CPC,Central Committee
Tie Ying,1977—1982,Member,CPC,Central Committee
Tie Ying,1973—1977,Alternate Member,CPC,Central Committee
Tomur Dawamat,1998—2003,Vice-Chairman,Standing Committee of the NPC
Tomur Dawamat,1993—1998,Vice-Chairman,Standing Committee of the NPC
Tomur Dawamat,1992—1997,Member,CPC,Central Committee
Tomur Dawamat,1987—1992,Member,CPC,Central Committee
Tomur Dawamat,1985—1994,Deputy Secretary,CPC,Autonomous Regional Committee,Xinjiang Uygur Autonomous Region
Tomur Dawamat,1985—1993,Chairman,Autonomous Region People's Government,Xinjiang Uygur Autonomous Region
Tomur Dawamat,1982—1987,Member,CPC,Central Committee
Tomur Dawamat,1979—1989,Vice-Minister,State Ethnic Affairs Commission
Tomur Dawamat,1978—1985,Chairman,Autonomous Regional People's Congress,Standing Committee,Xinjiang Uygur Autonomous Region
Tomur Dawamat,1978—1985,Secretary,CPC,Autonomous Regional Committee,Xinjiang Uygur Autonomous Region
Tomur Dawamat,1964—1978,Vice-Chairman,Autonomous Region People's Government,Xinjiang Uygur Autonomous Region
Tomur Dawamat,1955—1957,Student,Central University for Nationalities,Beijing Municipality
Tomur Dawamat,1954—1964,Magistrate,County (District) People's Court,Xinjiang Uygur Autonomous Region,Toksun
Tomur Dawamat,1952,Joined,CPC
Tomur Dawamat,1950—1954,Township Head,Xinjiang Uygur Autonomous Region,Toksun
Tondrub Wangben,2007—,Delegate,CPC,National Congress
Tondrub Wangben,2006—,Vice-Minister,State Ethnic Affairs Commission
Tondrub Wangben,2006—,Member,State Ethnic Affairs Commission,CPC,Leading Party Group
Tondrub Wangben,2003—2006,Assistant Governor,People's Government,Yunnan Province
Tondrub Wangben,2003—2006,Member,People's Government,CPC,Leading Party Group,Yunnan Province
Tondrub Wangben,2002—2006,Delegate,CPC,National Congress
Tondrub Wangben,2001—2006,Director,State Ethnic Affairs Commission,National Language Translation Center
Tondrub Wangben,1999—2001,Deputy Director,State Ethnic Affairs Commission,National Language Translation Center
Tondrub Wangben,1999—2006,Secretary,State Ethnic Affairs Commission,National Language Translation Center,CPC,Party Committee
Tondrub Wangben,1996—1999,Secretary,Minzu University of China,CPC,Party Committee,Beijing Municipality
Tondrub Wangben,1995—1996,Member,Minzu University of China,CPC,Party Committee,Standing Committee,Beijing Municipality
Tondrub Wangben,1994—1995,Deputy Dean,Minzu University of China,Academy of Nationalities Research,Beijing Municipality
Tondrub Wangben,1993—1994,Director,Minzu University of China,Institute for Tibetan Studies,Beijing Municipality
Tondrub Wangben,1990—1993,Deputy Director,Minzu University of China,Institute for Tibetan Studies,Beijing Municipality
Tondrub Wangben,1982—1990,Cadre,Minzu University of China,Institute of Ethnic Literature and Art,Beijing Municipality
Tondrub Wangben,1978—1982,Student,Minzu University of China,Chinese Language and Literature Department,Beijing Municipality
Tong Baocun,1998—2003,Member,CPPCC,National Committee,Standing Committee
Tong Baocun,1992—1997,Member,CPC,Central Committee
Tong Baocun,1991—,Lieutenant General,PLA
Tong Baocun,1990—1996,Deputy Commander,PLA,Regions,Shenyang Military Region,Liaoning Province,Shenyang City
Tong Baocun,1988—1991,Major General,PLA
Tong Baocun,1948,Joined,CPC
Tong Baocun,1947,Joined,PLA
Tong Dizhou,1978—1983,Vice-Chairman,CPPCC,National Committee
Tong Fu,1997—2002,Vice-Chairman,Revolutionary Committee of Chinese Kuomintang (RCCK),Central Committee
Tong Fu,1998—2003,Member,Standing Committee of the NPC
Tong Fu,1992—1997,Vice-Chairman,Revolutionary Committee of Chinese Kuomintang (RCCK),Central Committee
Tong Fu,1991—1995,Director,Chinese Academy of Sciences,Radio Astronomy Open Laboratory
Tong Fu,1990,Joined,Revolutionary Committee of Chinese Kuomintang (RCCK)
Tong Fu,1988—1993,Member,CPPCC,National Committee
Tong Fu,1985,Joined,CPC
Tong Fu,1957,Graduate,Beijing University,Mathematics Department,Beijing Municipality
Tong Gang,2013—,Deputy Director,State General Administration of Press, Publication, Radio, Film and Television
Tong Gang,2012—2013,Deputy Director,State Administration of Radio, Film and Television
Tong Gang,2012—2013,Member,State Administration of Radio, Film and Television,CPC,Leading Party Group
Tong Gang,2003—2012,Director,State Administration of Radio, Film and Television,Film Bureau
Tong Gang,2003—2012,Secretary,State Administration of Radio, Film and Television,Film Bureau,CPC,Leading Party Group
Tong Gang,2001—2003,Deputy Director,State Administration of Radio, Film and Television,Film Bureau
Tong Gang,2001—2003,Deputy Secretary,State Administration of Radio, Film and Television,Film Bureau,CPC,Leading Party Group
Tong Gang,2000—2001,General Manager,China Film Group Corporation
Tong Gang,2000—2001,Secretary,China Film Group Corporation,CPC,Party Committee
Tong Gang,1998—2000,Chairman,China Film Group Corporation,Board of Directors
Tong Gang,1996—1998,Manager,China Film Group Corporation
Tong Gang,1995—1996,Deputy Director,Ministry of Radio, Film and Television,Film Bureau
Tong Gang,1978—1982,Student,Fudan University,Shanghai Municipality
Tong Gang,1974—1977,Cultural Revolution,Cultural Revolution,Rusticated Youth
Tong Guorong,1998—2003,Member,CPPCC,National Committee,Standing Committee
Tong Guorong,1992—1997,Delegate,CPC,National Congress
Tong Guorong,1992—,Deputy Political Commissar,PLA,Services and Arms,Navy
Tong Guorong,1988—,Vice-Admiral,PLA,Services and Arms,Navy
Tong Guorong,1987—1992,Delegate,CPC,National Congress
Tong Guorong,1949,Joined,CPC
Tong Kai,,Researcher,China Spaceflight Technology Research Institute
Tong Kai,,Academician,Chinese Academy of Engineering
Tong Kai,,Assigned,Ministry of National Defense,5th Research Office
Tong Kai,,Joined,CPC
Tong Shiping,2010—,Admiral,PLA,Services and Arms,Navy
Tong Shiping,2009—,Deputy Director,PLA,General Political Department
Tong Shiping,2009—,Secretary,Central Military Commission of the PRC,Commission for Discipline Inspection
Tong Shiping,2007—2009,Political Commissar,University of National Defense,Hunan Province,Changsha City
Tong Shiping,2007—2012,Member,CPC,Central Committee
Tong Shiping,2007—2009,Secretary,University of National Defense,CPC,Party Committee,Hunan Province,Changsha City
Tong Shiping,2005—2007,Member,PLA,General Political Department,CPC,Party Committee
Tong Shiping,2005—2007,Assistant Director,PLA,General Political Department
Tong Shiping,2004—2005,Member,PLA,Services and Arms,Navy,CPC,Party Committee,Standing Committee
Tong Shiping,2004—2010,Vice-Admiral,PLA,Services and Arms,Navy
Tong Shiping,2004—2005,Director,PLA,Services and Arms,Navy,Political Department
Tong Shiping,2003—2004,Deputy Political Commissar,PLA,Regions,Guangzhou Military Region,Guangdong Province,Guangzhou City
Tong Shiping,2003—2004,Secretary,PLA,Services and Arms,Navy,South China Sea Fleet,CPC,Party Committee
Tong Shiping,2003—2004,Member,PLA,Regions,Guangzhou Military Region,CPC,Party Committee,Standing Committee,Guangdong Province,Guangzhou City
Tong Shiping,2003—2004,Political Commissar,PLA,Services and Arms,Navy,South China Sea Fleet
Tong Shiping,2002—2007,Delegate,CPC,National Congress
Tong Shiping,2000—2003,Political Commissar,PLA,Services and Arms,Navy,Naval Base,Fujian Province
Tong Shiping,1998—2004,Rear Admiral,PLA,Services and Arms,Navy
Tong Shiping,1994—2000,Deputy Political Commissar,PLA,Services and Arms,Navy,Naval Base,Liaoning Province,Lushun
Tong Shiping,1994—2000,Director,PLA,Services and Arms,Navy,Publicity Department
Tong Shiping,1986—1994,Deputy Director,PLA,Services and Arms,Navy,Publicity Department
Tong Xiangrong,1998—1999,Deputy Director-General,State Administration of Radio, Film and Television
Tong Xiangrong,,Vice-President,China Society of Broadcasting and Television
Tong Xiangrong,1993—1996,Director,Central People's Broadcasting Station
Tong Xiangrong,1993—1998,Vice-Minister,Ministry of Radio, Film and Television
Tong Xiangrong,1984—1993,Director,Provincial Department of Radio, Film and Television,Shaanxi Province
Tong Xiangrong,1965,Graduate,Shaanxi Teachers' University,Political Education Department,Shaanxi Province
Tong Xiangrong,1965—1984,Associate Professor,Northwest University,Chinese Department
Tong Xiangrong,1964,Joined,CPC
Tong Xiaoping,2003—,Vice-Mayor,People's Government,Chongqing Municipality
Tong Xiaoping,2002—2007,Member,CPC,Central Committee
Tong Xiaoping,2000—2003,Secretary,CPC,Municipal Committee,Chongqing Municipality
Tong Xiaoping,2000—2003,Director,Planning Commission,Chongqing Municipality
Tong Xiaoping,1997—2000,Deputy Secretary,CPC,Municipal Committee,Chongqing Municipality
Tong Xiaoping,1993—2000,Deputy Director,Planning Commission,Chongqing Municipality
Tong Xiaoping,1992—1993,Deputy Secretary-General,Planning Commission,Chongqing Municipality
Tong Xiaoping,1986,Joined,CPC
Tong Xiaoping,1982—1992,Deputy Director,People's Government,Economic Research Office,Chongqing Municipality
Tong Xiaoping,1978—1982,Student,Southwest China Teachers' College,Chinese Language Department,Chongqing Municipality
Tong Xiaoping,1969—1971,Educated Youth,Jingguan People's Commune,Sichuan Province,Jiangbei County
Tong Zhiguang,1998—2003,Member,Standing Committee of the NPC
Tong Zhiguang,1997—2002,Delegate,CPC,National Congress
Tong Zhiguang,1994—,Chairman of the Board,China Export and Import Bank
Tong Zhiguang,1993—1998,Member,Standing Committee of the NPC
Tong Zhiguang,1993—1998,Member,Foreign Affairs Committee of the NPC
Tong Zhiguang,1973,Joined,CPC
Tong Zhiguang,1955,Graduate,Beijing Institute of Foreign Trade,Western Languages Department,Beijing Municipality
Tong Zhiwu,2011—,Deputy Director,Provincial People's Congress,Standing Committee,Liaoning Province
Tong Zhiwu,2008—,Secretary-General,Provincial People's Congress,Standing Committee,Liaoning Province
Tong Zhiwu,2003—2008,Secretary,CPC,City Committee,Liaoning Province,Jinzhou City
Tong Zhiwu,2001—,Member,CPC,Provincial Committee,Liaoning Province
Tong Zhiwu,1998—2003,President,CPC,Provincial Committee,Party School,Liaoning Province
Tong Zhiwu,1996—1998,Member,CPC,City Committee,Liaoning Province,Huludao City
Tong Zhiwu,1996—1998,Director,CPC,City Committee,Organization Department,Liaoning Province,Huludao City
Tong Zhiwu,1994—1996,Vice-President,CPC,Provincial Committee,Party School,Liaoning Province
Tong Zhiwu,1992—1994,Director,CPC,Provincial Committee,Organization Department,General Office,Liaoning Province
Tong Zhiwu,1992—1994,Deputy Secretary,CPC,County Committee,Liaoning Province,Huanren County
Tong Zhiwu,1986—1992,Director,CPC,Provincial Committee,Party School,Personnel Department,Liaoning Province
Tong Zhiwu,1983—1986,Worker,CPC,Provincial Committee,Party School,Liaoning Province
Tong Zhiwu,1979—1983,Student,Liaoning University,Philosophy Departmant,Liaoning Province,Shenyang City
Tsang Hin-chi,1998—2003,Member,Standing Committee of the NPC
Tsang Hin-chi,1993—1998,Member,Standing Committee of the NPC
Tsang Hin-chi,1993—,Vice-Chairman,All-China Federation of Industry and Commerce,Executive Committee
Tsang Hin-chi,1992,Member,Hong Kong and Macao Affairs Office of the State Council,1st Group of Advisors
Tsang Hin-chi,,Chairman,Gold Lion Holdings Ltd.
Tsang Hin-chi,1961,Graduate,Zhongshan University,Biology Department
Tsui Sze Man,1998—2003,Member,CPPCC,National Committee,Standing Committee
Tsui Sze Man,1996,Member,1st Hong Kong SAR Government,Selection Committee
Tsui Sze Man,1995—1997,Member,Hong Kong SAR Preparatory Committee
Tsui Sze Man,1993—1998,Member,CPPCC,National Committee,Standing Committee
Tsui Sze Man,1992,Member,Hong Kong and Macao Affairs Office of the State Council,1st Group of Advisors
Tsui Sze Man,1988—1993,Member,CPPCC,National Committee
Tsui Sze Man,1985,Member,Committee for Drafting the Basic Law of Hong Kong SAR
Tsui Sze Man,1983—1988,Member,CPPCC,National Committee
Tsui Sze Man,1978—1983,Member,CPPCC,National Committee
Tsui Sze Man,1954—1959,Deputy,NPC
Tsui Sze Man,1945,Founder,New Rangoon News
Tsui Tsin-tong,1998—2003,Member,CPPCC,National Committee,Standing Committee
Tsui Tsin-tong,,Member,1st Hong Kong SAR Government,Selection Committee
Tsui Tsin-tong,1995—1997,Member,Hong Kong SAR Preparatory Committee
Tsui Tsin-tong,1995,Received Honorary Ph.D.,University of Hong Kong
Tsui Tsin-tong,1993—1995,Member,Hong Kong SAR Preparatory Committee,Preliminary Work Committee
Tsui Tsin-tong,1993—1998,Member,CPPCC,National Committee,Standing Committee
Tsui Tsin-tong,1992,Member,Hong Kong and Macao Affairs Office of the State Council,1st Group of Advisors
Tu Chuanyi,2001—,Academician,Chinese Academy of Sciences
Tu Chuanyi,,Professor,Beijing University,Beijing Municipality
Tu Chuanyi,1964,Graduate,Beijing University,Beijing Municipality
Tu Guangshao,,Vice-Mayor,People's Government,Shanghai Municipality
Tu Guangshao,,Member,CPC,Municipal Committee,Shanghai Municipality
Tu Guangshao,2002—,Vice Chairman,China Securities Regulatory Commission,Beijing Municipality
Tu Guangshao,2002—,Member,China Securities Regulatory Commission,CPC,Beijing Municipality
Tu Guangshao,,General Manager,Shanghai Stock Exchange,Shanghai Municipality
Tu Guangshao,,Secretary,Shanghai Stock Exchange,CPC,Shanghai Municipality
Tu Guangshao,,Secretary-General,China Securities Regulatory Commission,Beijing Municipality
Tu Guangshao,,Deputy General Manager,Shanghai Stock Exchange,Shanghai Municipality
Tu Guangshao,,Deputy Director,People's Bank of China,National Financial Markets Offer Trading Information System Center,Beijing Municipality
Tu Guangshao,,Deputy Director,People's Bank of China,Financial Regulatory Division,Beijing Municipality
Tu Guangshao,,Deputy Director,People's Bank of China,General Planning Division,Beijing Municipality
Tu Guangshao,1982,Joined,CPC
Tu Jianhua,,Chairman of the Board,Chongqing Longcin Group,Chongqing Municipality
Tu Jianhua,,Member,All-China Youth Federation
Tu Jianhua,,Director,Chongqing Youth Federation,Chongqing Municipality
Tu Jianhua,,Vice-Chairman,Chongqing Federation of Individual Entrepreneurs,Chongqing Municipality
Tu Jianhua,,Researcher,China Township Enterprise Academy
Tu Jianhua,,Director,Chongqing Individual Technology Association,Chongqing Municipality
Tu Jianhua,,Director,Chongqing Economic Management Association,Chongqing Municipality
Tu Jianhua,,Director,Sichuan Motorcycle Industry Association,Sichuan Province
Tu Jianhua,,Deputy Director-General,Chongqing Motorcycle Industry Association,Chongqing Municipality
Tu Jianhua,1999,Graduate,CPC,Provincial Committee,Party School,Sichuan Province
Tu Jianhua,,Joined,CPC
Tu Shancheng,,Researcher,China Spaceflight Technology Research Institute
Tu Shancheng,,Professor,China Science and Technology University,Beijing Municipality
Tu Shancheng,,Academician,International Spaceflight Academy of Sciences
Tu Shancheng,,Academician,Chinese Academy of Engineering
Tu Shancheng,1956—????,Chief,Chinese Academy of Sciences,Automation Research Institute
Tu Shancheng,1953,Graduate,Cornell University,Electro-Mechanics Department,USA,New York,Ithaca
Tu Shou'e,,Member,International Spaceflight Academy of Sciences
Tu Shou'e,,Member,Chinese Academy of Sciences
Tu Shou'e,1957—????,Chief,Ministry of National Defense,5th Research Office
Tu Shou'e,,Professor,Tsinghua University,Beijing Municipality
Tu Shou'e,,Deputy Professor,Tsinghua University,Beijing Municipality
Tu Shou'e,,Professor,Southwest China United University
Tu Shou'e,,Deputy Professor,Southwest China United University
Tu Shou'e,,Graduate,Massachusetts Institute of Technology,USA,Massachusetts,Boston
Tu Shou'e,1940,Graduate,Southwest China United University
Tu Yourui,1998—2003,Member,CPPCC,National Committee,Standing Committee
Tu Yourui,1994—,Vice-Governor,China Development Bank
Tu Yourui,1993—1998,Deputy,NPC
Tu Yourui,1988—1994,Vice-Minister,Ministry of Railways
Tu Yourui,1988—1993,Member,CPPCC,National Committee
Tu Yourui,1978,Joined,CPC
Tu Youyou,,Chief Research Fellow,Chinese Academy of Traditional Chinese Medicine,Institute of Chinese Traditional Medicines
Tu Youyou,,Doctoral Supervisor,Chinese Academy of Traditional Chinese Medicine
Tung Chee Chen,1999—2001,Non-Executive Director,Bank of China (Hong Kong) Limited,Hong Kong SAR
Tung Chee Chen,1999—2001,Member,University of Pittsburgh,Board of Trustees,USA,Pennsylvania,Pittsburgh
Tung Chee Chen,1999—,Non-Executive Director,PetroChina Company Ltd.
Tung Chee Chen,1996—,Chairman,Orient Overseas International Limited Company
Tung Chee Chen,1996—,Chief Executive Officer,Orient Overseas International Limited Company
Tung Chee Chen,1995—1999,Chairman,Hong Kong General Chamber of Commerce,Hong Kong SAR
Tung Chee Chen,1993—1995,Chairman,Hong Kong Shipowner's Association,Hong Kong SAR
Tung Chee Hwa,2013—,Vice-Chairman,CPPCC,National Committee
Tung Chee Hwa,2008—2013,Vice-Chairman,CPPCC,National Committee
Tung Chee Hwa,2003—2008,Vice-Chairman,CPPCC,National Committee
Tung Chee Hwa,1996,Member,1st Hong Kong SAR Government,Selection Committee
Tung Chee Hwa,1996—2005,Chief Executive,Hong Kong SAR
Tung Chee Hwa,1993—1998,Member,CPPCC,National Committee
Tung Chee Hwa,1992—1996,Executive Council Member,Hong Kong SAR
Tung Chee Hwa,1992,Member,Hong Kong and Macao Affairs Office of the State Council,1st Group of Advisors
Tung Chee Hwa,1985,Member,Committee for Drafting the Basic Law of Hong Kong SAR
Tung Chee Hwa,1960,Graduate,University of Liverpool,Mechanical Engineering Department,United Kingdom,Liverpool
Tuo Zhen,2015—,Deputy Director,CPC,Central Committee,Publicity Department
Tuo Zhen,2011—,Vice-President,Xinhua News Agency
Tuo Zhen,1982—2011,General Editor,The Economics Daily
Tuo Zhen,1978—1982,Student,Wuhan University,Economics Department,Hubei Province,Wuhan City
