Da Luo,1969-1973,Alternate Member,CPC,Central Committee
Dai Bingguo,2008-2013,State Councilor,State Council
Dai Bingguo,2007-2012,Member,CPC,Central Committee
Dai Bingguo,2003-2007,Deputy Minister,Ministry of Foreign Affairs
Dai Bingguo,2003-2007,Secretary,Ministry of Foreign Affairs,CPC,Party Committee
Dai Bingguo,2002-2007,Member,CPC,Central Committee
Dai Bingguo,1997-2002,Member,CPC,Central Committee
Dai Bingguo,1997-2003,Head,CPC,Central Committee,International Liaison Department
Dai Bingguo,1995-1997,Deputy Head,CPC,Central Committee,International Liaison Department
Dai Bingguo,1993-1995,Deputy Minister,Ministry of Foreign Affairs
Dai Bingguo,1991-1993,Assistant Minister,Ministry of Foreign Affairs
Dai Bingguo,1989-1991,Ambassador,Chinese Embassy,Hungary,Budapest
Dai Bingguo,1986-1989,Director,Ministry of Foreign Affairs,Soviet Union and East European Affairs Department
Dai Bingguo,1985-1986,Deputy Director,Ministry of Foreign Affairs,Soviet Union and East European Affairs Department
Dai Bingguo,1973,Joined,CPC
Dai Bingguo,1973-1985,Deputy Division Chief,Ministry of Foreign Affairs,Soviet Union and East European Affairs Department
Dai Bingguo,1973-1985,Division Chief,Ministry of Foreign Affairs,Soviet Union and East European Affairs Department
Dai Bingguo,1969-1973,Staff Member,Chinese Embassy,Russia,Moscow
Dai Bingguo,1965-1969,Staff Member,Ministry of Foreign Affairs,Soviet Union and East European Affairs Department
Dai Bingguo,1964-1965,Student,Foreign Affairs College,Beijing Municipality
Dai Bingguo,1959-1964,Student,Sichuan University,Foreign Language Department,Sichuan Province
Dai Bingran,1991-,Professor,Fudan University,Institute of World Economics,Shanghai Municipality
Dai Bingran,1983-1985,Visiting Scholar,London School of Economics,United Kingdom,London
Dai Bingran,1978-1983,Research Fellow,Fudan University,Institute of World Economics,Shanghai Municipality
Dai Daojin,2014-,Vice-Governor,People's Government,Hunan Province
Dai Guangqian,1977-1982,Member,CPC,Central Committee
Dai Jiagan,,Vice-President,Beijing Normal University,Beijing Municipality
Dai Jiagan,,Joined,CPC
Dai Jiagan,1978-1982,Student,Beijing Normal University,Beijing Municipality
Dai Junliang,2016-,Deputy Director,CPC,Central Committee,United Front Work Department
Dai Junliang,2013-2015,Vice-Mayor,People's Government,Beijing Municipality
Dai Junliang,2012-2013,Vice-Minister,Ministry of Civil Affairs
Dai Junliang,2012-2013,Member,Ministry of Civil Affairs,CPC,Leading Party Group
Dai Junliang,2010-2012,Director,Ministry of Civil Affairs,Human Resources Department
Dai Junliang,2009-2012,Director,Ministry of Civil Affairs,Subdivision and Toponym Department
Dai Junliang,2007-2009,Vice-Mayor,People's Government,Liaoning Province,Shenyang City
Dai Junliang,2007-2009,Member,CPC,City Committee,Standing Committee,Liaoning Province,Shenyang City
Dai Junliang,2002-2007,Director,Ministry of Civil Affairs,Subdivision and Toponym Department
Dai Junliang,1997-2002,Deputy Director,Ministry of Civil Affairs,Subdivision and Toponym Department
Dai Junliang,1995-1997,Secretary for the Minister,Ministry of Civil Affairs
Dai Junliang,1994-1995,Deputy Director,Ministry of Civil Affairs,Policy Research Office
Dai Junliang,1992-1994,Deputy Director,Ministry of Civil Affairs,General Office,Comprehensive Division
Dai Junliang,1986-1992,Staff Member,Ministry of Civil Affairs,Policy and Law Regulation Department
Dai Junliang,1983-1986,Student,Jilin University,History Department,Jilin Province,Changchun City
Dai Liu,,Chairman,Shanghai Municipality
Dai Liu,,Vice-President,Shanghai Electric Group Corporation,Shanghai Municipality
Dai Liu,,Vice-President,Shanghai Machinery and Electric Holding Group Corp.,Shanghai Municipality
Dai Liu,,Director,Shanghai Machine Tool Works,Shanghai Municipality
Dai Liu,,Deputy Director,Shanghai Machine Tool Works,Shanghai Municipality
Dai Liu,,Graduate,Jiaotong University,Shanghai Municipality
Dai Ruwei,1991-,Academician,Chinese Academy of Sciences
Dai Ruwei,,Researcher,Chinese Academy of Sciences,Automation Research Institute
Dai Ruwei,1955,Graduate,Beijing University,Mathematics and Mechanics Department,Beijing Municipality
Dai Suli,1982-1987,Member,CPC,Central Committee
Dai Suli,1977-1982,Alternate Member,CPC,Central Committee
Dai Xianglong,2008-2013,President,National Council for Social Security Fund
Dai Xianglong,2007-2012,Member,CPC,Central Committee
Dai Xianglong,2003-2007,Mayor,People's Government,Tianjin Municipality
Dai Xianglong,2003-2007,Deputy Secretary,CPC,Municipal Committee,Tianjin Municipality
Dai Xianglong,2002-2003,Acting Mayor,People's Government,Tianjin Municipality
Dai Xianglong,2002-2003,Vice-Mayor,People's Government,Tianjin Municipality
Dai Xianglong,2002-2007,Member,CPC,Central Committee
Dai Xianglong,1997-2002,Member,CPC,Central Committee
Dai Xianglong,1997-????,First Chairman,People's Bank of China,Monetary Policy Department
Dai Xianglong,1995-2000,Governor,People's Bank of China
Dai Xianglong,1993-1995,Vice-Governor,People's Bank of China
Dai Xianglong,1992-1997,Alternate Member,CPC,Central Committee
Dai Xianglong,1989-1993,President,China Pacific Insurance Company Ltd.
Dai Xianglong,1989-1993,Secretary,Bank of Communications,CPC,Leading Party Group
Dai Xianglong,1989-1993,General Manager and Vice-President,Bank of Communications
Dai Xianglong,1985-1989,Vice-President,Agricultural Bank of China
Dai Xianglong,1983-1985,Deputy Section Chief,Agricultural Bank of China,Provincial Branch,Jiangsu Province
Dai Xianglong,1982-1983,Deputy Magistrate,County (District) People's Court,Jiangsu Province,Fengxian County
Dai Xianglong,1980-1982,Deputy Section Chief,People's Bank of China,Provincial Branch,Jiangsu Province
Dai Xianglong,1978-1980,Staff Member,People's Bank of China,Provincial Branch,Jiangsu Province
Dai Xianglong,1977-1978,Staff Member,Coal Industry Bureau,Yunnan Province
Dai Xianglong,1973,Joined,CPC
Dai Xianglong,1967,Graduate,Central Institute of Finance and Banking,Accounting Department,Beijing Municipality
Dai Xuejiang,1998-2003,Member,CPPCC,National Committee,Standing Committee
Dai Xuejiang,1994-,General,PLA
Dai Xuejiang,1993-1998,Deputy,NPC
Dai Xuejiang,1992-????,Political Commissar,State Administration for Science, Technology and Industry for National Defense (SASTIND)
Dai Xuejiang,1990-1994,Lieutenant General,PLA
Dai Xuejiang,1988-????,Director,PLA,Regions,Shenyang Military Region,Political Department
Dai Xuejiang,,Deputy Political Commissar,PLA,Regions,Shenyang Military Region
Dai Xuejiang,1988-1990,Major General,PLA
Dai Xuejiang,1982-1987,Delegate,CPC,National Congress
Dai Xuejiang,,Deputy Director,PLA,Regions,Shenyang Military Region,Political Department
Dai Xuejiang,,Political Commissar,PLA,Regions,Shenyang Military Region,Political Department
Dai Xuejiang,,Director,PLA,Regions,Shenyang Military Region,Political Department
Dai Xuejiang,,Division Political Commissar,PLA,Regions,Shenyang Military Region,Political Department
Dai Xuejiang,,Deputy Head,PLA,Regions,Shenyang Military Region,Organization Department
Dai Xuejiang,,Battalion Political Instructor,Chinese People's Volunteers,Political Department,Republic of Korea (South Korea)
Dai Xuejiang,,Secretary,Chinese People's Volunteers,Political Department,Republic of Korea (South Korea)
Dai Xuejiang,1952-????,Soldier,Korean War
Dai Xuejiang,,Secretary,PLA,Services and Arms,3rd Field Army,Regimental Political Department,CPC,Party Committee
Dai Xuejiang,,Battalion Clerk,PLA,Services and Arms,East China Field Army
Dai Xuejiang,1947,Joined,CPC
Dai Xuejiang,1946,Joined,PLA
Dainzhub Ongboin,2012-2017,Member,CPC,Central Committee,Central Commission for Discipline Inspection
Dainzin ,1987-1992,Alternate Member,CPC,Central Committee
Dalielihan Mamir,2003-,Deputy Director,Autonomous Regional People's Congress,Standing Committee,Xinjiang Uygur Autonomous Region
Dalielihan Mamir,1996-2003,Vice-President,Autonomous Region People's Government,Xinjiang Uygur Autonomous Region
Dalielihan Mamir,1994-1996,Deputy Secretary,Chemical Industry Office,CPC,Party Committee,Xinjiang Uygur Autonomous Region
Dalielihan Mamir,1990-1991,Deputy Director,Foreign Economic Relations and Trade Department,Xinjiang Uygur Autonomous Region
Dalielihan Mamir,1990-1994,Member,Foreign Economic Relations and Trade Department,CPC,Leading Party Group,Xinjiang Uygur Autonomous Region
Dalielihan Mamir,1988-1990,Deputy Secretary-General,Autonomous Region People's Government,Xinjiang Uygur Autonomous Region
Dalielihan Mamir,1983-1988,Deputy Secretary,Planning Commission,CPC,Leading Party Group,Xinjiang Uygur Autonomous Region
Dalielihan Mamir,1977-1983,Deputy Section Chief,Personnel Department,Xinjiang Uygur Autonomous Region,Altay Prefecture
Dalielihan Mamir,1975-1977,Public Transit Cadre,Xinjiang Uygur Autonomous Region,Altay Prefecture
Dalielihan Mamir,1973-1975,Office Cadre,CPC,Autonomous Prefectural Committee,Xinjiang Uygur Autonomous Region,Altay Prefecture
Dalielihan Mamir,1973,Joined,CPC
Dalielihan Mamir,1965-1970,Student,Beijing Chemical Engineering Institute,Chemistry Department,Beijing Municipality
Danko ,2012-2017,Alternate Member,CPC,Central Committee
Danko ,2007-2012,Alternate Member,CPC,Central Committee
Danko ,2007-,Secretary,CPC,Autonomous Prefectural Committee,Qinghai Province,Hainan Tibetan Autonomous Prefecture
Danko ,2005-2007,Secretary,CPC,Autonomous Prefectural Committee,Qinghai Province,Haibei Tibetan Autonomous Prefecture
Danko ,2005-2007,Head,Autonomous Region People's Government,Qinghai Province,Haibei Tibetan Autonomous Prefecture
Danzhu Angben,2006-,Vice-Chairman,State Ethnic Affairs Commission
Danzhu Angben,2004-2006,Assistant Governor,People's Government,Yunnan Province
Danzhu Angben,1999-2006,Director,China Nationality Chinese Translation Center
Danzhu Angben,1999-2006,Secretary,China Nationality Chinese Translation Center,CPC,Party Committee
Danzhu Angben,1995-1999,Member,Central University for Nationalities,CPC,Party Committee,Standing Committee,Beijing Municipality
Danzhu Angben,1995-1999,Deputy Secretary,Central University for Nationalities,CPC,Party Committee,Beijing Municipality
Danzhu Angben,1990-1995,Vice-President,Central University for Nationalities,School of Ethnology,Beijing Municipality
Danzhu Angben,1990-1995,Director,Central University for Nationalities,Tibetology Institute,Beijing Municipality
Danzhu Angben,1982,Graduate,Central University for Nationalities,Chinese Language Dpeartment,Beijing Municipality
Danzhu Angben,1981,Joined,CPC
Danzim ,2002-,Deputy Secretary,CPC,Provincial Committee,Yunnan Province
Danzim ,2001-2002,Deputy Secretary,Chinese Writers Association,CPC,Leading Party Group
Danzim ,2001-,Deputy Chairman,Chinese Writers Association
Danzim ,1997-2002,Alternate Member,CPC,Central Committee
Danzim ,1992-1997,Alternate Member,CPC,Central Committee
Danzim ,1985-2001,Deputy Secretary,CPC,Autonomous Regional Committee,Tibet Autonomous Region
Danzim ,1983-1985,Member,CPC,Autonomous Regional Committee,Standing Committee,Tibet Autonomous Region
Danzim ,1983-1985,Secretary,Cultural Administration,Tibet Autonomous Region
Danzim ,1980-1983,Deputy Editor-in-Chief,Tibet Daily
Danzim ,1976-1979,Director,Tibet Daily,Shannan News Station
Danzim ,1973-1976,Student,Fudan University,Journalism Department,Shanghai Municipality
Danzim ,1966-1973,Reporter,Tibet Daily
Danzim ,1966-1966,Student,Central University for Nationalities
Danzim ,1960-1966,Student,Tibet Institute of Nationalities
Dao Linyin,2012-2017,Alternate Member,CPC,Central Committee
Dao Linyin,2008-2013,Deputy,NPC
Dao Linyin,2007-2012,Alternate Member,CPC,Central Committee
Dao Linyin,2006-,Head,Autonomous Region People's Government,Yunnan Province,Xishuangbanna Dai Autonomous Prefecture
Dao Linyin,2005-,Deputy Secretary,CPC,Autonomous Prefectural Committee,Yunnan Province,Xishuangbanna Dai Autonomous Prefecture
Dao Linyin,2005-2006,Acting Head,Autonomous Region People's Government,Yunnan Province,Xishuangbanna Dai Autonomous Prefecture
Dao Linyin,2005-2005,Deputy Secretary,Autonomous Region People's Government,CPC,Leading Party Group,Yunnan Province,Xishuangbanna Dai Autonomous Prefecture
Dao Linyin,2005-2005,Member,CPC,Autonomous Prefectural Committee,Standing Committee,Yunnan Province,Xishuangbanna Dai Autonomous Prefecture
Dao Linyin,2000-2003,Student,CPC,Central Committee,Central Party School
Dao Linyin,1999-1999,Deputy Head,People's Government,Shanghai,Yangpu District
Dao Linyin,1997-2005,Vice-Head,Autonomous Region People's Government,Yunnan Province,Xishuangbanna Dai Autonomous Prefecture
Dao Linyin,1995-1997,Secretary,Labor Bureau,CPC,Leading Party Group,Yunnan Province,Xishuangbanna Dai Autonomous Prefecture
Dao Linyin,1995-1997,Director,Labor Bureau,Yunnan Province,Xishuangbanna Dai Autonomous Prefecture
Dao Linyin,1994-1997,Deputy Director,CPC,Autonomous Prefectural Committee,Organization Department,Yunnan Province,Xishuangbanna Dai Autonomous Prefecture
Dao Linyin,1993-1994,Deputy Director,CPC,Autonomous Prefectural Committee,Propaganda Department,Yunnan Province,Xishuangbanna Dai Autonomous Prefecture
Dao Linyin,1989-1991,Student,Beijing Normal University,Philosophy Department,Beijing Municipality
Dao Linyin,1989-1993,Director,CPC,Autonomous Prefectural Committee,Propaganda Department,Yunnan Province,Xishuangbanna Dai Autonomous Prefecture
Dao Linyin,1989-1993,Deputy Director,CPC,Autonomous Prefectural Committee,Propaganda Department,Yunnan Province,Xishuangbanna Dai Autonomous Prefecture
Dao Linyin,1987,Joined,CPC
Dao Linyin,1986-1988,Student,CPC,Autonomous Prefectural Committee,Party Schoool,Yunnan Province,Xishuangbanna Dai Autonomous Prefecture
De Jimin,1998-2003,Member,CPPCC,National Committee,Standing Committee
De Jimin,1996-,Vice-Chairman,China Association for Promoting Democracy,Autonomous Regional Committee,Inner Mongolia Autonomous Region
De Jimin,1993-1998,Member,CPPCC,National Committee
De Jimin,1988-1993,Member,CPPCC,National Committee
Deng Changyou,2007-2012,Member,CPC,Central Committee
Deng Changyou,2006-,General,PLA
Deng Changyou,2002-2007,Member,CPC,Central Committee
Deng Changyou,2002-,Deputy Secretary,PLA,Services and Arms,Air Force,CPC,Party Committee
Deng Changyou,2002-,Political Commissar,PLA,Services and Arms,Air Force
Deng Changyou,1999-2006,Lieutenant General,PLA,Services and Arms,Air Force
Deng Changyou,1997-2002,Director,PLA,Services and Arms,Air Force,Division Command
Deng Changyou,1997-2002,Member,PLA,Services and Arms,Air Force,CPC,Party Committee,Standing Committee
Deng Changyou,1997-1997,Deputy Director,PLA,Services and Arms,Air Force,Political Department
Deng Changyou,1996-1997,Deputy Secretary,PLA,Regions,Lanzhou Military Region,CPC,Party Committee,Commission for Discipline Inspection,Gansu Province,Lanzhou City
Deng Changyou,1996-1997,Deputy Political Commissar,PLA,Regions,Lanzhou Military Region,Air Force,Gansu Province,Lanzhou City
Deng Changyou,1993-1996,Political Commissar,PLA,Services and Arms,Air Force
Deng Changyou,1993-1996,Student,CPC,Central Committee,Central Party School
Deng Changyou,1992-1999,Major General,PLA,Services and Arms,Air Force
Deng Changyou,1976-1979,Political Commissar,PLA,Services and Arms,Air Force,Engineering Department
Deng Changyou,1974-1976,Political Director,PLA,Services and Arms,Air Force,Company Command
Deng Changyou,1972-1974,Staff Member,PLA,Services and Arms,Air Force,Engineering Department
Deng Changyou,1970,Joined,CPC
Deng Changyou,1968-1972,Soldier,PLA,Services and Arms,Air Force,Engineering Department
Deng Changyou,1968,Joined,PLA
Deng Chengcheng,,President,Central Socialist Academy
Deng Chengcheng,1998-2003,Member,CPPCC,National Committee,Standing Committee
Deng Chengcheng,1996-,Vice-Chairman,CPPCC,Provincial Committee,Gansu Province
Deng Chengcheng,1993-,Chairman,Revolutionary Committee of Chinese Kuomintang (RCCK),Provincial Committee,Gansu Province
Deng Chengcheng,1993-1998,Member,CPPCC,National Committee
Deng Chengcheng,,Vice-Chairman,Revolutionary Committee of Chinese Kuomintang (RCCK),Provincial Committee,Gansu Province
Deng Chengcheng,1975,Joined,CPC
Deng Chengcheng,1963,Graduate,Lanzhou University,Gansu Province,Lanzhou City
Deng Daokun,2005-,Vice-Chairman,Provincial People's Congress,Hubei Province
Deng Daokun,2002-2005,Deputy Secretary,CPC,Provincial Committee,Standing Committee,Hubei Province
Deng Daokun,1998-,Member,CPC,Provincial Committee,Standing Committee,Hubei Province
Deng Daokun,1998-,Member,CPC,Provincial Committee,Standing Committee,Hubei Province
Deng Daokun,1998-1999,Vice-Governor,People's Government,Hubei Province
Deng Daokun,1996-1998,Secretary-General,People's Government,Hubei Province
Deng Daokun,1996-,Member,People's Government,CPC,Leading Party Group,Hubei Province
Deng Daokun,1990-1996,Secretary,Agricultural Department,CPC,Leading Party Group,Hubei Province
Deng Daokun,1990-1996,Director,Agricultural Department,Hubei Province
Deng Daokun,1990-1996,Secretary,Agriculture and Animal Husbandry Department,CPC,Leading Party Group,Hubei Province
Deng Daokun,1990-1996,Director,Agriculture and Animal Husbandry Department,Hubei Province
Deng Daokun,1986-1990,Secretary,CPC,Prefectural Committee,Hubei Province,Xiaogan Prefecture
Deng Daokun,1983-1990,Senior Deputy Commissioner,Hubei Province,Xiaogan Prefecture
Deng Daokun,1983-1990,Member,CPC,Prefectural Committee,Standing Committee,Hubei Province,Xiaogan Prefecture
Deng Daokun,1973,Joined,CPC
Deng Daokun,1972-1983,Deputy Secretary,CPC,County Committee,Hubei Province,Dawu County
Deng Daokun,1972-1983,Clerk,Agricultural Bureau,Hubei Province,Dawu County
Deng Daokun,1972-1983,Deputy Director,Agricultural Bureau,Hubei Province,Dawu County
Deng Daokun,1970-1972,Cultural Revolution,Cultural Revolution,Sent to do manual labor
Deng Daokun,1965-1969,Student,Central China Agricultural College,Hubei Province
Deng Hongxun,1994-1998,Deputy Director,Development Research Center of the State Council
Deng Hongxun,1992-1997,Member,CPC,Central Committee
Deng Hongxun,1992-1993,Director,Provincial People's Congress,Standing Committee,Hainan Province
Deng Hongxun,1992-1993,Secretary,CPC,Provincial Committee,Hainan Province
Deng Hongxun,1989-1990,Secretary,CPC,Provincial Committee,Jiangsu Province
Deng Hongxun,1987-1992,Alternate Member,CPC,Central Committee
Deng Hongxun,1984-1989,Director,City People's Congress,Standing Committee,Jiangsu Province,Wuxi City
Deng Hongxun,1984-1989,Secretary,CPC,City Committee,Jiangsu Province,Wuxi City
Deng Hongxun,1983-1984,Vice-Mayor,People's Government,Jiangsu Province,Zhenjiang City
Deng Hongxun,1983-1984,Deputy Secretary,CPC,City Committee,Jiangsu Province,Zhenjiang City
Deng Hongxun,1972-1983,Secretary,CPC,City Committee,Commission for Discipline Inspection,Jiangsu Province,Zhenjiang City
Deng Hongxun,1967-1972,Worker,Cultural Revolution,May 7th Cadre School
Deng Hongxun,1955-1967,Director,Benxi Iron and Steel (Group) Co., Ltd.,Production Technology Department,Liaoning Province,Benxi City
Deng Hongxun,1952-1955,Deputy Director,Anshan Iron and Steel Works,Expertise Office,Liaoning Province,Anshan City
Deng Hongxun,1952-1955,Office Manager,Anshan Iron and Steel Works,Liaoning Province,Anshan City
Deng Hongxun,1949-1952,Student,Jiangnan University,Industrial Engineering Department,Jiangsu Province,Wuxi City
Deng Hua,2000-,General Manager,Qinghua Science and Technology Venture Capital Company
Deng Hua,1999-2000,Deputy Secretary,Tsinghua University,Enterprise Group,CPC,Party Committee,Beijing Municipality
Deng Hua,1999-2000,Vice-President,Tsinghua University,Enterprise Group,Beijing Municipality
Deng Hua,1999,Assistant President,Tsinghua University,Enterprise Group,Beijing Municipality
Deng Hua,1998,Graduate,Tsinghua University,School of Economics and Management,Beijing Municipality
Deng Hua,1994-1999,Deputy Secretary,Tsinghua University,CPC,Party Committee,Organization Department,Beijing Municipality
Deng Hua,1991-1994,Deputy Secretary,Tsinghua University,CYLC,Institutional Level,Beijing Municipality
Deng Hua,1986-1991,Leader,Tsinghua University,Physics Department,Student Affairs Group,Beijing Municipality
Deng Hua,1986-1991,Lecturer,Tsinghua University,Physics Department,Beijing Municipality
Deng Hua,1986,Graduate,Tsinghua University,Social Science Department,Beijing Municipality
Deng Hua,1984,Graduate,Tsinghua University,Physics Department,Beijing Municipality
Deng Hua,1977-1982,Alternate Member,CPC,Central Committee
Deng Hua,1973-1977,Alternate Member,CPC,Central Committee
Deng Hua,1969-1973,Alternate Member,CPC,Central Committee
Deng Hua,1956-1969,Member,CPC,Central Committee
Deng Jun,2000-,Vice-President,China Geology University,Beijing Municipality
Deng Jun,1995-1999,Secretary,China Geology University,CPC,Party Committee,Beijing Municipality
Deng Nan,2007-2012,Member,CPC,Central Committee
Deng Nan,2005-,Vice-Chairman,China Association for Science and Technology
Deng Nan,2004-,First Secretary,China Association for Science and Technology
Deng Nan,1998-2004,Vice-Minister,Ministry of Science and Technology
Deng Nan,,Member,All-China Women's Federation,Executive Committee
Deng Nan,,Deputy Director,China Committee of the International Decade for Natural Disaster Reduction
Deng Nan,1992-1997,Delegate,CPC,National Congress
Deng Nan,,Deputy Director,Environmental Protection Committee of the State Council
Deng Nan,1991-1998,Vice-Minister,State Science and Technology Commission
Deng Nan,1988-1991,Director,State Science and Technology Commission,Science and Technology Policy Department
Deng Nan,1985-1988,Deputy Director,State Science and Technology Commission,Science and Technology Policy Department
Deng Nan,1979-1983,Deputy Director,State Science and Technology Commission,Policy Department
Deng Nan,1979-1983,Deputy Division Chief,State Science and Technology Commission,Policy Department
Deng Nan,1978,Joined,CPC
Deng Nan,1973-1979,Worker,Chinese Academy of Sciences,Semiconductor Research Institute
Deng Nan,1970,Graduate,Beijing University,Technological Physics Department,Beijing Municipality
Deng Pudong,1998-,Vice-Chairman,CPPCC,Autonomous Regional Committee,Guangxi Zhuang Autonomous Region
Deng Pudong,1990-,Member,Jiusan Society,Autonomous Regional Committee,Guangxi Zhuang Autonomous Region
Deng Pudong,1990-1996,Deputy-General Manager,General Architectural Project Corporation,Guangxi Zhuang Autonomous Region
Deng Pudong,1983,Joined,Jiusan Society
Deng Pudong,1980-1990,Deputy-General Engineer,General Architectural Project Corporation,Guangxi Zhuang Autonomous Region
Deng Pudong,1980-1990,Chief,General Architectural Project Corporation,Guangxi Zhuang Autonomous Region
Deng Pudong,1973-1980,Technician,Architectural Committee,Guangxi Zhuang Autonomous Region
Deng Pudong,1972-1973,Technician,Architectural Project Bureau,Guangxi Zhuang Autonomous Region
Deng Pudong,1970-1972,Technical Principal,Guangxi Zhuang Autonomous Region
Deng Pudong,1961-1970,Secretary,Guangxi Architectural Science Graduate School,CYLC,Institutional Level,Guangxi Zhuang Autonomous Region
Deng Pudong,1956-1961,Student,Nanjing Institute of Technology,Civil Engineering Department,Jiangsu Province,Nanjing City
Deng Pufang,2008-2013,Vice-Chairman,CPPCC,National Committee
Deng Pufang,2003-,Executive President,Chinese Olympic Committee,Beijing Organizing Committee for the XXIX Olympiad,Beijing Municipality
Deng Pufang,2002-2007,Alternate Member,CPC,Central Committee
Deng Pufang,1998-2003,Member,CPPCC,National Committee,Standing Committee
Deng Pufang,1997-2002,Alternate Member,CPC,Central Committee
Deng Pufang,1992-1997,Delegate,CPC,National Congress
Deng Pufang,1988-2008,Chairman,China Disabled Persons' Federation
Deng Pufang,1985-,President,China Welfare Fund for the Handicapped
Deng Pufang,1984-1985,Vice-President,China Welfare Fund for the Handicapped
Deng Pufang,1975-1984,Staff Member,Central Military Commission of the PRC,Service Department
Deng Pufang,,Vice-President,China Welfare Fund for the Handicapped
Deng Pufang,1968-1975,Persecuted,Cultural Revolution
Deng Pufang,1965-1968,Student,Beijing University,Technological Physics Department,Beijing Municipality
Deng Pufang,1965,Joined,CPC
Deng Weizhi,2002-,Vice-Chairman,China Association for Promoting Democracy,Central Committee
Deng Weizhi,1998-2003,Member,CPPCC,National Committee,Standing Committee
Deng Weizhi,1997-2002,Vice-Chairman,China Association for Promoting Democracy,Central Committee
Deng Weizhi,1993-1998,Member,CPPCC,National Committee
Deng Weizhi,,Vice-Chairman,China Association for Promoting Democracy,Municipal Committee,Shanghai Municipality
Deng Weizhi,,Deputy Secretary-General,National Yearbook Research Center
Deng Weizhi,,Member,China Association for Promoting Democracy,Central Committee,Standing Committee
Deng Weizhi,,Council Member,Shanghai Writers Association
Deng Weizhi,,Vice-President,Shanghai Sociology Society
Deng Weizhi,1987-????,Senior Editor,China Encyclopedia Publishing House,Shanghai Municipality
Deng Weizhi,,Staff Member,Chinese Academy of Sciences
Deng Weizhi,,Staff Member,Red Flag Magazine
Deng Weizhi,,Staff Member,Dialectics of Nature Magazine
Deng Weizhi,,Staff Member,Shanghai Academy of Social Sciences,Shanghai Municipality
Deng Weizhi,1960,Graduate,Shanghai Academy of Social Sciences,Industry and Trade Department,Shanghai Municipality
Deng Xiaogang,2017-,Deputy Secretary,CPC,Provincial Committee,Sichuan Province
Deng Xiaogang,2013-2017,Deputy Secretary,CPC,Autonomous Regional Committee,Tibet Autonomous Region
Deng Xiaogang,2012-2013,Secretary,CPC,Autonomous Regional Committee,Politics and Law Committee,Tibet Autonomous Region
Deng Xiaogang,2006-2017,Vice-Chairman,Autonomous Region People's Government,Tibet Autonomous Region
Deng Xiaogang,2005-2006,Assistant Chairman,Autonomous Region People's Government,Tibet Autonomous Region
Deng Xiaogang,2004-2005,Head,People's Government,Beijing,Tongzhou District
Deng Xiaogang,2003-2005,Deputy Secretary,CPC,District Committee,Beijing,Tongzhou District
Deng Xiaogang,2001-2003,Deputy Head,People's Government,Beijing Municipality,Fengtai District
Deng Xiaogang,1998-2001,Member,Development and Reform Committee,Beijing Municipality
Deng Xiaogang,1996-2000,Student,China Agricultural University,Agricultural Economics Management College,Beijing Municipality
Deng Xiaogang,1994-1998,Director,Planning Committee,Comprehensive Planning Division,Beijing Municipality
Deng Xiaogang,1994-1994,Deputy Director,Planning Committee,Suburban District Division,Beijing Municipality
Deng Xiaogang,1989-1992,Student,Beijing Agricultural University,Agricultural Economics Management College,Beijing Municipality
Deng Xiaogang,1985-1989,Student,Hunan University,Hunan Province,Changsha City
Deng Xiaoping,1987-1989,Chairman,CPC,Central Committee,Central Military Commission
Deng Xiaoping,1983-1990,Chairman,Central Military Commission of the PRC
Deng Xiaoping,1982-1987,Chairman,CPC,Central Committee,Central Military Commission
Deng Xiaoping,1982-1987,Member,CPC,Central Committee
Deng Xiaoping,1981-1982,Chairman,CPC,Central Committee,Central Military Commission
Deng Xiaoping,1978-1983,Chairman,CPPCC,National Committee
Deng Xiaoping,1977-1982,Member,CPC,Central Committee
Deng Xiaoping,1975-1980,Head,PLA,Headquarters of the General Staff
Deng Xiaoping,1973-1977,Member,CPC,Central Committee
Deng Xiaoping,1956-1969,Secretary-General,CPC,Central Committee
Deng Xiaoping,1956-1969,Member,CPC,Central Committee
Deng Xiaoping,1953-1954,Minister,Ministry of Finance
Deng Xiaoping,1926-1926,Student,Moscow Sun Yat-sen University,Russia,Moscow
Deng Xiaoping,1924,Joined,CPC
Deng Xiuxin,2008-2013,Member,Standing Committee of the NPC
Deng Xiuxin,2007-,President,Huazhong Agricultural University,Hubei Province,Wuhan City
Deng Xiuxin,1995-2007,Vice-President,Huazhong Agricultural University,Hubei Province,Wuhan City
Deng Xiuxin,1993-1995,Director,Huazhong Agricultural University,Horticulture Department,Hubei Province,Wuhan City
Deng Xiuxin,1992-,Professor,Huazhong Agricultural University,Hubei Province,Wuhan City
Deng Xiuxin,1990-1992,Associate Professor,Huazhong Agricultural University,Hubei Province,Wuhan City
Deng Xiuxin,1984-1987,Student,Huazhong Agricultural University,Hubei Province,Wuhan City
Deng Xiuxin,1982-1984,Student,Huazhong Agricultural University,Hubei Province,Wuhan City
Deng Xiuxin,1978-1981,Student,Huazhong Agricultural University,Horticulture Department,Hubei Province,Wuhan City
Deng Yinchao,1977-1982,Member,CPC,Central Committee
Deng Yinchao,1973-1977,Member,CPC,Central Committee
Deng Yinchao,1969-1973,Member,CPC,Central Committee
Deng Yinchao,1956-1969,Member,CPC,Central Committee
Deng Yiwu,2015-,Deputy Director,State Administration of Grain
Deng Zhaoxiang,1993-1998,Vice-Chairman,CPPCC,National Committee
Deng Zhaoxiang,1988-1993,Vice-Chairman,CPPCC,National Committee
Deng Zhaoxiang,1983-1988,Vice-Chairman,CPPCC,National Committee
Deng Zihui,1969-1973,Member,CPC,Central Committee
Deng Zihui,1964-1978,Vice-Chairman,CPPCC,National Committee
Deng Zihui,1956-1969,Member,CPC,Central Committee
Deng Zubin,,Senior Engineer,Shenyang Institute of Instruments and Meters Technology,Liaoning Province,Shenyang City
Deng Zubin,,Deputy Director,Chinese Academy of Components,Strain Gauge and Applied Technology Specialty Commission
Deng Zubin,,Director,Chinese Academy of Components,Sensor Technology and Equipment Research Office
Deng Zubin,1965,Graduate,Hunan University,Mechanics Department,Hunan Province
Ding Changhua,1977-1982,Alternate Member,CPC,Central Committee
Ding Fengying,2003-,Vice-Chairman,CPPCC,Provincial Committee,Hubei Province
Ding Fengying,1998-2003,Member,CPPCC,National Committee
Ding Fengying,1998-,Chairman,Hubei Provincial Women Federations,Hubei Province
Ding Fengying,1992-????,Member,CPC,Central Committee,Central Commission for Discipline Inspection
Ding Fengying,1985,Graduate,Central China Teachers' College
Ding Fengying,1983-????,Member,CPC,Provincial Committee,Standing Committee,Hubei Province
Ding Fengying,1983-????,Secretary,CPC,Provincial Committee,Commission for Discipline Inspection,Hubei Province
Ding Fengying,1982-1987,Alternate Member,CPC,Central Committee
Ding Fengying,1982-1987,Alternate Member,CPC,Central Committee
Ding Fengying,1969-1971,Deputy Secretary,CPC,County Committee,Hubei Province,Luotian County
Ding Fengying,1969-1971,Deputy Director,Cultural Revolution,Revolutionary Committee,Hubei Province,Luotian County
Ding Fengying,1961,Joined,CPC
Ding Fengying,1960-1969,Secretary,Beifeng Commune,Fourth Brigade,CPC,Party Committee,Hubei Province,Luotian County
Ding Fengying,1960-1969,Deputy Secretary,Beifeng Commune,Fourth Brigade,CPC,Party Committee,Hubei Province,Luotian County
Ding Fengying,1960-1969,Chairman,Beifeng Commune,Hubei Province,Luotian County
Ding Fengying,1960-1969,Secretary,Beifeng Commune,CYLC,Institutional Level,Hubei Province,Luotian County
Ding Fuyuan,1995-,Secretary,China Vanke Company,CPC,Party Committee
Ding Fuyuan,1993-1995,Member,China Vanke Company,Supervisory Committee
Ding Fuyuan,1992-1995,Manager,China Vanke Company,Human Resources Department
Ding Fuyuan,1991-1992,Deputy Chief,China Vanke Company,General Management Office
Ding Guangen,1997-2002,Member,CPC,Central Committee,Politburo,Secretariat
Ding Guangen,1997-2002,Member,CPC,Central Committee,Politburo
Ding Guangen,1997-2002,Member,CPC,Central Committee
Ding Guangen,1997-????,Director,CPC,Central Committee,Central Commission for Guiding Ethic and Cultural Progress
Ding Guangen,1992-1997,Member,CPC,Central Committee,Politburo
Ding Guangen,1992-1997,Member,CPC,Central Committee,Politburo,Secretariat
Ding Guangen,1992-1997,Member,CPC,Central Committee
Ding Guangen,1992-2002,Head,CPC,Central Committee,Propaganda Department
Ding Guangen,1990-????,Head,CPC,Central Committee,United Front Work Department
Ding Guangen,1988-1990,Vice-Minister,National Development and Reform Commission
Ding Guangen,1988-1992,Co-opted Member,CPC,Central Committee,Politburo,Secretariat
Ding Guangen,1988-1990,Director,Taiwan Affairs Office of the State Council
Ding Guangen,1987-1992,Member,CPC,Central Committee
Ding Guangen,1987-1992,Alternate Member,CPC,Central Committee,Politburo
Ding Guangen,1985-1988,Minister,Ministry of Railways
Ding Guangen,1985-1987,Co-opted Member,CPC,Central Committee
Ding Guangen,1982-1987,Member,CPC,Central Committee
Ding Guangen,1981-1983,Director,Ministry of Railways,Education Bureau
Ding Guangen,1975-1981,Deputy Director,Ministry of Railways,Foreign Affairs Bureau
Ding Guangen,1972-1975,Staff Member,Northern Jiaotong University,Administration Office
Ding Guangen,1969-1972,Worker,Cultural Revolution,May 7th Cadre School
Ding Guangen,1960-1969,Secretary,Ministry of Railways,General Office
Ding Guangen,1958-1960,Engineer,Ministry of Railways,General Transport Bureau
Ding Guangen,1956,Joined,CPC
Ding Guangen,1951,Graduate,Jiaotong University,Shanghai Municipality
Ding Guangxun,2003-,Vice-Chairman,CPPCC,National Committee
Ding Guangxun,1998-2003,Vice-Chairman,CPPCC,National Committee
Ding Guangxun,1998-????,Honorary President,Chinese People's Association for Peace and Disarmament
Ding Guangxun,1997-????,Honorary President,Christian Council of China
Ding Guangxun,1993-1998,Vice-Chairman,CPPCC,National Committee
Ding Guangxun,,Vice-Chairman,CPPCC,Provincial Committee,Jiangsu Province
Ding Guangxun,1988-1993,Vice-Chairman,CPPCC,National Committee
Ding Guangxun,1988-1993,Member,Standing Committee of the NPC
Ding Guangxun,,Honorary Chairman,Protestant Churches of China,Patriotic Movement Committee
Ding Guangxun,1985-????,President,Christian Council of China
Ding Guangxun,1984,Founder,China Amity Foundation
Ding Guangxun,1983-1988,Member,Standing Committee of the NPC
Ding Guangxun,1980-????,Chairman,Protestant Churches of China,Patriotic Movement Committee
Ding Guangxun,1979-????,Vice-President,Nanjing University,Jiangsu Province,Nanjing City
Ding Guangxun,1978-1983,Member,CPPCC,National Committee,Standing Committee
Ding Guangxun,1978-1983,Deputy,NPC
Ding Guangxun,1975-1978,Deputy,NPC
Ding Guangxun,1964-1975,Deputy,NPC
Ding Guangxun,1959-1964,Member,CPPCC,National Committee
Ding Guangxun,1953-????,President,Nanjing Union Theological Seminary,Jiangsu Province,Nanjing City
Ding Guangxun,,Secretary,World Student Christian Federation,Switzerland,Geneva
Ding Guangxun,,Graduate,Union Theology Seminary,USA,New York,New York
Ding Guangxun,,Graduate,Columbia University,USA,New York,New York
Ding Guangxun,1942,Graduate,St. John's University,College of Theology,Shanghai Municipality
Ding Guangxun,1937,Graduate,St. John's University,Literature Department,Shanghai Municipality
Ding Guojue,1977-1982,Member,CPC,Central Committee
Ding Guojue,1973-1977,Member,CPC,Central Committee
Ding Guoyu,1985-,Academician,Third World Academy of Sciences
Ding Guoyu,1980-,Academician,Chinese Academy of Sciences
Ding Guoyu,,Researcher,China Seismological Bureau
Ding Guoyu,1959,Associate Doctorate Degree,Moscow Geological Surveys College,Russia,Moscow
Ding Guoyu,1952,Graduate,Beijing University,Geology and Geography Department,Beijing Municipality
Ding Henggao,1998-2003,Member,CPPCC,National Committee,Standing Committee
Ding Henggao,,Member,State Leading Group for Science and Technology
Ding Henggao,,Honorary President,Chinese Astronautics Society
Ding Henggao,1995-????,President,Chinese Society of Inertial Technology
Ding Henggao,1994-,Academician,Chinese Academy of Engineering
Ding Henggao,1994-,General,PLA
Ding Henggao,1992-1997,Member,CPC,Central Committee
Ding Henggao,1988-1994,Lieutenant General,PLA
Ding Henggao,1987-1992,Member,CPC,Central Committee
Ding Henggao,1985-1996,Director,State Administration for Science, Technology and Industry for National Defense (SASTIND)
Ding Henggao,1982-1985,Deputy Director,State Administration for Science, Technology and Industry for National Defense (SASTIND)
Ding Henggao,1982-1987,Alternate Member,CPC,Central Committee
Ding Henggao,1977-1982,Research Fellow,Ministry of National Defense
Ding Henggao,1963-1965,Director,Ministry of National Defense,No. 4 Office
Ding Henggao,1962-1963,Deputy Director,Ministry of National Defense,No. 3 Office
Ding Henggao,1962,Joined,PLA
Ding Henggao,1961-1962,Worker,Ministry of National Defense
Ding Henggao,1957-1961,Student,Leningrad Institute of Precision Machinery and Optical Instruments,Russia,St. Petersburg
Ding Henggao,1953,Joined,CPC
Ding Henggao,1952-1957,Assistant Researcher,Chinese Academy of Sciences,Mechanics Research Institute
Ding Henggao,1949-1952,Student,Nanjing University,Mechanical Engineering Department,Jiangsu Province,Nanjing City
Ding Jiye,2007-,Deputy Director,PLA,General Logistics Department
Ding Jiye,2003-2008,Deputy,NPC
Ding Jiye,1999-2007,Director,PLA,General Logistics Department,Financial Affairs Department
Ding Jiye,1994-1999,Deputy Director,PLA,General Logistics Department,Financial Affairs Department
Ding Keze,1977-1982,Member,CPC,Central Committee
Ding Keze,1973-1977,Member,CPC,Central Committee
Ding Shaoxiang,2012-,Vice-Governor,People's Government,Yunnan Province
Ding Shaoxiang,2006-,Member,People's Government,CPC,Leading Party Group,Yunnan Province
Ding Shaoxiang,2006-2012,Secretary,People's Government,General Office,CPC,Leading Party Group,Yunnan Province
Ding Shaoxiang,2006-2012,Secretary-General,People's Government,Yunnan Province
Ding Shaoxiang,2000-2006,Secretary,CPC,Autonomous Prefectural Committee,Yunnan Province,Chuxiong City,Yi Autonomous Prefecture
Ding Shaoxiang,1999-2000,Director,District People's Congress,Standing Committee,Yunnan Province,Kunming City,Dongchuan District
Ding Shaoxiang,1996-2000,Deputy Secretary,CPC,City Committee,Yunnan Province,Kunming City
Ding Shaoxiang,1993-1996,Secretary-General,CPC,City Committee,Yunnan Province,Kunming City
Ding Shaoxiang,1990-1991,Director,County People's Congress,Standing Committee,Yunnan Province,Songming County
Ding Shaoxiang,1988-1993,Secretary,CPC,County Committee,Yunnan Province,Songming County
Ding Shaoxiang,1986-1988,Deputy Secretary,CPC,County Committee,Yunnan Province,Songming County
Ding Shaoxiang,1984-1986,Student,CPC,Provincial Committee,Party School,Yunnan Province
Ding Shaoxiang,1983-1984,Deputy Secretary,CPC,County Committee,Yunnan Province,Chenggong County
Ding Shaoxiang,1981-1983,Deputy Secretary,CYLC,City-Level,Yunnan Province,Kunming City
Ding Shaoxiang,1979-1980,Secretary,CYLC,County-Level,Yunnan Province,Chenggong County
Ding Shaoxiang,1973-1977,Cultural Revolution,Cultural Revolution,Rusticated Youth,Yunnan Province,Chenggong County
Ding Sheng,1973-1977,Member,CPC,Central Committee
Ding Sheng,1969-1973,Member,CPC,Central Committee
Ding Shisun,2003-,Vice-Chairman,Standing Committee of the NPC
Ding Shisun,1999,Member,Macao SAR Preparatory Committee,Government Delegation, Macao Hand-Over Ceremony
Ding Shisun,1999-????,President,Western Returned Students Association
Ding Shisun,1998-2003,Vice-Chairman,Standing Committee of the NPC
Ding Shisun,1996-,Chairman,China Democratic League,Central Committee
Ding Shisun,1993-1998,Member,CPPCC,National Committee,Standing Committee
Ding Shisun,1988-1993,Member,CPPCC,National Committee
Ding Shisun,1988-1996,Vice-Chairman,China Democratic League,Central Committee
Ding Shisun,1985,Graduate,Soka University,Japan,Tokyo
Ding Shisun,,Member,China Democratic League,Central Committee,Standing Committee
Ding Shisun,,Vice-Chairman,Zhou Peiyuan Fund Committee
Ding Shisun,,Chairman,Jiang Zehan Scholarship Fund Committee
Ding Shisun,,Council Member,Chinese People's Institute of  Foreign Affairs
Ding Shisun,,Member,China Society of Higher Education,Executive Council
Ding Shisun,,Member,China Overseas Exchanges Association,Executive Council
Ding Shisun,,Deputy Head,National Natural Science Foundation of China,Mathematical Examination and Appraisal Group
Ding Shisun,,Vice-President,Chinese Education Association for International Exchanges
Ding Shisun,,Member,State Academic Degrees Committee,2nd Panel of Judges
Ding Shisun,,President,Beijing Municipal Society of Mathematics,Beijing Municipality
Ding Shisun,,Vice-President,China Mathematics Association
Ding Shisun,,President,Beijing University,Beijing Municipality
Ding Shisun,,Director,Beijing University,Mathematics Department,Beijing Municipality
Ding Shisun,,Deputy Director,Beijing University,Mathematics Department,Beijing Municipality
Ding Shisun,,Professor,Beijing University,Mathematics Department,Beijing Municipality
Ding Shisun,,Lecturer,Beijing University,Beijing Municipality
Ding Shisun,1952,Joined,China Democratic League
Ding Shisun,1950,Graduate,Tsinghua University,Mathematics Department,Beijing Municipality
Ding Shunnian,1980-,Academician,Chinese Academy of Sciences
Ding Shunnian,1932,Graduate,Jiaotong University,Shanghai Municipality
Ding Tingmo,1987-1992,Alternate Member,CPC,Central Committee
Ding Weiqi,2002-,Patent Attorney,Dragon International Patent Office,Mechanical Department
Ding Weiqi,1980-1989,Examiner,State Intellectual Property Office,Mechanical Examination Department
Ding Weiqi,1980-1989,Senior Examiner,State Intellectual Property Office,Mechanical Examination Department
Ding Weiqi,1980-1989,Director,State Intellectual Property Office,Mechanical Examination Department
Ding Weiqi,1980-1989,Member,State Intellectual Property Office,Reexamination Board
Ding Weiqi,1978-1980,Deputy Director,Chinese Academy of Sciences,High Energy Physics Research Institute
Ding Weiqi,1973-1978,Director,Ministry of Nuclear Industry,No. 503 Research Institute
Ding Wenchang,1997-2002,Member,CPC,Central Committee
Ding Wenchang,1996-,General,PLA
Ding Wenchang,1992-1997,Member,CPC,Central Committee
Ding Wenchang,1992-1999,Political Commissar,PLA,Services and Arms,Air Force
Ding Wenchang,1990-1996,Lieutenant General,PLA
Ding Wenchang,1988-1993,Deputy,NPC
Ding Wenchang,1988-1990,Major General,PLA
Ding Wenchang,1985-1988,Deputy Director,PLA,Services and Arms,Air Force,Political Department
Ding Wenchang,1983-1985,Deputy Political Commissar,PLA,Services and Arms,Air Force
Ding Wenchang,1956,Joined,CPC
Ding Wenchang,1951-1954,Student,Air Force Aviation School
Ding Wenchang,1951,Joined,PLA
Ding Xiangyang,2013-,Deputy Secretary-General,State Council
Ding Xiangyang,2007-2013,Vice-Mayor,People's Government,Beijing Municipality
Ding Xiangyang,2006-2013,Member,People's Government,CPC,Leading Party Group,Beijing Municipality
Ding Xiangyang,2003-2007,Secretary,Development and Reform Committee,CPC,Leading Party Group,Beijing Municipality
Ding Xiangyang,2003-2007,Director,Development and Reform Committee,Beijing Municipality
Ding Xiangyang,,Deputy Secretary-General,People's Government,Beijing Municipality
Ding Xiangyang,,Staff Member,General Office of the State Council
Ding Xiangyang,,Staff Member,Ministry of Energy Resources,General Office
Ding Xuedong,2017-,Deputy Secretary-General,State Council
Ding Xuedong,2013-,Chairman,China Investment Corporation (CIC)
Ding Xuedong,2013-2013,Deputy Director,National Committee for Disaster Reduction  (NCDR)
Ding Xuedong,2010-2013,Deputy Secretary-General,State Council
Ding Xuedong,2008-2010,Vice-Minister,Ministry of Finance
Ding Xuedong,2006-2008,Assistant of Minister,Ministry of Finance
Ding Xuedong,2006-2010,Member,Ministry of Finance,CPC,Leading Party Group
Ding Xuedong,2005-2006,Director,Ministry of Finance,Education, Science and Culture Department
Ding Xuedong,2003-2004,General Manager,Three Gorges Project Construction Committee,Finance Department
Ding Xuedong,2000-2005,Director,Ministry of Finance,Agriculture Department
Ding Xuedong,1998-2000,Director,Ministry of Finance,State-Owned Capital Based-Management Department
Ding Xuedong,1997-1998,Director,State-Owned Assets Supervision and Administration Commission,Property Department
Ding Xuedong,1994-1997,Director,State-Owned Assets Supervision and Administration Commission,Education Department
Ding Xuedong,1994-1997,Director,State-Owned Assets Supervision and Administration Commission,General Office
Ding Xuexiang,2017-,Member,CPC,Central Committee
Ding Xuexiang,2017-,Member,CPC,Central Committee,Politburo
Ding Xuexiang,2017-,Member,CPC,Central Committee,Politburo,Secretariat
Ding Xuexiang,2013-,Deputy Director,CPC,Central Committee,General Office
Ding Xuexiang,2012-2013,Secretary,CPC,Municipal Committee,Political Science and Law Committee,Shanghai Municipality
Ding Xuexiang,2012-2017,Alternate Member,CPC,Central Committee
Ding Xuexiang,2007-2012,Secretary-General,CPC,Municipal Committee,Shanghai Municipality
Ding Xuexiang,2006-2007,Director,CPC,Municipal Committee,General Office,CPC,Shanghai Municipality
Ding Xuexiang,2006-2007,Deputy Secretary-General,CPC,Municipal Committee,Shanghai Municipality
Ding Xuexiang,2004-2006,Deputy Director,CPC,Municipal Committee,Organization Department,Shanghai Municipality
Ding Xuexiang,2001-2004,Deputy Secretary,CPC,District Committee,Shanghai,Zhabei Prefecture
Ding Xuexiang,1999-2001,Deputy Director,CPC,Municipal Committee,Science and Technology Work Committee,Shanghai Municipality
Ding Xuexiang,1984,Joined,CPC
Ding Xuexiang,1978-1982,Student,Yanshan University,Hebei Province,Qinhuangdao City
Ding Yexian,2010-,Vice-Chairman,Autonomous Region People's Government,Tibet Autonomous Region
Ding Yexian,2009-2010,Assistant Chairman,Autonomous Region People's Government,Tibet Autonomous Region
Ding Yexian,2009-2010,Member,Autonomous Region People's Government,CPC,Leading Party Group,Tibet Autonomous Region
Ding Yexian,2003-2009,Director,Finance Department,Tibet Autonomous Region
Ding Yexian,2003-2009,Deputy Secretary,Finance Department,CPC,Leading Party Group,Tibet Autonomous Region
Ding Yexian,2000-2003,Member,Finance Department,CPC,Leading Party Group,Tibet Autonomous Region
Ding Yexian,2000-2003,Deputy Director,Finance Department,Tibet Autonomous Region
Ding Yexian,1998-2000,Director,Finance Bureau,Tibet Autonomous Region,Shannan Prefecture
Ding Yexian,1998-2000,Deputy Secretary,Finance Bureau,CPC,Leading Party Group,Tibet Autonomous Region,Shannan Prefecture
Ding Yexian,1996-1998,Director,Economic System Reform Committee,Tibet Autonomous Region,Shannan Prefecture
Ding Yexian,1996-1998,Deputy Secretary,Economic System Reform Committee,CPC,Leading Party Group,Tibet Autonomous Region,Shannan Prefecture
Ding Yexian,1993-1996,Director,Electric Power Bureau,Tibet Autonomous Region,Shannan Prefecture
Ding Yexian,1989-1993,Deputy Director,Electric Power Bureau,Tibet Autonomous Region,Shannan Prefecture
Ding Yiping,2007-2012,Alternate Member,CPC,Central Committee
Ding Yiping,2003-,Deputy Commander,PLA,Regions,Jinan Military Region
Ding Yiping,2002-,Lieutenant General,PLA,Services and Arms,Navy
Ding Yiping,2002-2007,Alternate Member,CPC,Central Committee
Ding Yiping,2000-,Deputy Commander,PLA,Regions,Jinan Military Region
Ding Yiping,2000-2003,Commander,PLA,Services and Arms,Navy,North China Sea Fleet
Ding Yiping,1997-2000,Deputy Commander,PLA,Services and Arms,Navy,North China Sea Fleet
Ding Yiping,1995-1997,Chief of Staff,PLA,Services and Arms,Navy,North China Sea Fleet
Ding Yiping,1993-2002,Major General,PLA,Services and Arms,Navy
Ding Yiping,1993-1995,President,Guangzhou Naval Academy,Guangdong Province,Guangzhou City
Ding Yiping,1989-1993,Commander,PLA,Services and Arms,Navy
Ding Yiping,1987-1989,Deputy Commander,PLA,Services and Arms,Navy,Guard Command
Ding Yiping,1984-1987,Commander,PLA,Services and Arms,Navy,Frigate Branch Command
Ding Yiping,1983-1984,Chief of Staff,PLA,Services and Arms,Navy,Mine Sweeper Branch
Ding Yiping,1979-1983,Section Director,PLA,Services and Arms,Navy,Guard Command
Ding Yiping,1976-1979,Captain,PLA,Services and Arms,Navy
Ding Yiping,1972-1976,Staff Officer,PLA,Services and Arms,Navy,Frigate Branch Command
Ding Yiping,1970,Joined,CPC
Ding Yiping,1970-1972,Sergeant,PLA,Services and Arms,Navy
Ding Yiping,1968-1970,Sailor,PLA,Services and Arms,Navy
Ding Yiping,1968,Joined,PLA
Ding Yuhua,1998-,President,Triangle Group Company
Ding Yuhua,1985-1987,Student,Shandong University,Shandong Province
Ding Zhongchi,2008-,Chairman,Key State-Owned Financial Institutions,Supervisory Board
Ding Zhongli,2008-,Vice-President,Chinese Academy of Sciences,Beijing Municipality
Ding Zhongli,2008-,Vice-Chairman,China Democratic League
Ding Zhongli,2008-,Director,Chinese Academy of Sciences,Geological Research Institute,Beijing Municipality
Ding Zhongli,2003-2008,Member,CPPCC,National Committee
Doje Cering,2003-,Chairman,Ethnic Affairs Committee of the NPC
Doje Cering,2002-2007,Member,CPC,Central Committee
Doje Cering,2000-,Vice-Chairman,China International Committee for Natural Disaster
Doje Cering,1998-2000,Vice-Chairman,China International Committee for Natural Disaster
Doje Cering,1997-2002,Member,CPC,Central Committee
Doje Cering,1993-2003,Minister,Ministry of Civil Affairs
Doje Cering,1993-2003,Secretary,Ministry of Civil Affairs,CPC,Leading Party Group
Doje Cering,1992-1997,Member,CPC,Central Committee
Doje Cering,1990-1993,Deputy Secretary,Ministry of Civil Affairs,CPC,Leading Party Group
Doje Cering,1990-1993,Vice-Minister,Ministry of Civil Affairs
Doje Cering,1987-1992,Member,CPC,Central Committee
Doje Cering,1985-1990,Chairman,Autonomous Region People's Government,CPC,Leading Party Group,Tibet Autonomous Region
Doje Cering,1985-1990,Deputy Secretary,CPC,Autonomous Regional Committee,Tibet Autonomous Region
Doje Cering,1983-1985,Vice-Chairman,Autonomous Region People's Government,CPC,Leading Party Group,Tibet Autonomous Region
Doje Cering,1982-1987,Member,CPC,Central Committee,Central Commission for Discipline Inspection
Doje Cering,,First Secretary,PLA,Regions,Tibet Military District,CPC,Party Committee
Doje Cering,1977-1983,Chairman,CPPCC,Autonomous Prefectural Committee,Tibet Autonomous Region,Xigaze Prefecture
Doje Cering,,1st Political Commissar,PLA,Regions,Tibet Military District
Doje Cering,1977-1983,First Secretary,CPC,Autonomous Prefectural Committee,Tibet Autonomous Region,Xigaze Prefecture
Doje Cering,1977-1985,Member,CPC,Autonomous Regional Committee,Standing Committee,Tibet Autonomous Region
Doje Cering,1973-1977,Secretary,CYLC,Autonomous Regional-Level,Tibet Autonomous Region
Doje Cering,1969-1973,Secretary,CPC,Autonomous Prefectural Committee,Tibet Autonomous Region,Shannan District
Doje Cering,1969-1973,Vice-Chairman,Cultural Revolution,Revolutionary Committee,Tibet Autonomous Region,Shannan District
Doje Cering,1969-1973,Deputy Leader,Production Group,Tibet Autonomous Region,Gyaca County
Doje Cering,1969-1973,Member,Production Group,Cultural Revolution,Revolutionary Committee,Standing Committee,Tibet Autonomous Region,Gyaca County
Doje Cering,1965-1966,Head,Autonomous Region People's Government,County Office,Tibet Autonomous Region,Gyaca County
Doje Cering,,Magistrate,County (District) People's Court,Tibet Autonomous Region,Gyaca County
Doje Cering,1960,Joined,CPC
Doje Cering,1959-1965,Magistrate,County (District) People's Court,Tibet Autonomous Region,Nagarze County
Doje Cering,1959-1965,Secretary,CPC,Autonomous County Committee,Tibet Autonomous Region,Nagarze County
Doje Cering,1959-1965,Deputy District Head,People's Government,Tibet Autonomous Region,Nagarze County
Doje Cering,1959-1959,Clerical Worker,Tibet Autonomous Region
Doje Cering,1957-1959,Head,Hezuo Commune,Nayi Brigade,Gansu Province,Xiahe County
Doje Cezhug,2007-,Mayor,Autonomous Region People's Government,Tibet Autonomous Region,Lhasa
Doje Cezhug,2006-2006,Commissioner,Autonomous Region People's Government,Tibet Autonomous Region,Ngari
Doje Cezhug,2006-2007,Vice-Mayor,Autonomous Region People's Government,Tibet Autonomous Region,Lhasa
Doje Cezhug,2006-2007,Secretary,Autonomous Region People's Government,CPC,Leading Party Group,Tibet Autonomous Region,Lhasa
Doje Cezhug,2006-,Deputy Secretary,CPC,Autonomous City Committee,Tibet Autonomous Region,Lhasa
Doje Cezhug,2005-2006,Deputy Secretary,CPC,Autonomous District Committee,Tibet Autonomous Region,Ngari
Doje Cezhug,2003-2006,Secretary,Public Security Department,CPC,Party Committee,Tibet Autonomous Region,Ngari
Doje Cezhug,2003-2006,Director,Public Security Department,Tibet Autonomous Region,Ngari
Doje Cezhug,2003-2006,Secretary,CPC,Autonomous District Committee,Politics and Law Committee,Tibet Autonomous Region,Ngari
Doje Cezhug,2001-2003,Deputy Commissioner,Autonomous Region People's Government,Tibet Autonomous Region,Ngari
Doje Radain,2012-2017,Member,CPC,Central Committee,Central Commission for Discipline Inspection
Donald Tsang,2005-2012,Chief Executive,Central People's Government,Hong Kong SAR
Donald Tsang,2001-2005,Chief Secretary,Central People's Government,Hong Kong SAR
Donald Tsang,1997-2001,Financial Secretary,Central People's Government,Hong Kong SAR
Donald Tsang,1993-1997,Secretary for the Treasury,Central People's Government,Hong Kong SAR
Donald Tsang,1991-1993,Director-General of Trade,Central People's Government,Hong Kong SAR
Donald Tsang,1985-1989,Deputy Secretary,Central People's Government,General Duties Branch,Hong Kong SAR
Donald Tsang,1977-????,Secretary,Asian Development Bank,Manila Office,Philippines,Manila
Donald Tsang,,Honorary Doctorate,The Hong Kong Polytechnic University,Hong Kong SAR
Donald Tsang,,Honorary Doctorate,The Chinese University of Hong Kong,Hong Kong SAR
Donald Tsang,,Graduate,Harvard University,USA,Massachusetts,Cambridge
Dong Baohua,1997-,Deputy Director,State Administration of Cultural Heritage
Dong Baohua,1997-,Member,State Administration of Cultural Heritage,CPC,Leading Party Group
Dong Baohua,,Director,State Education Commission,CPC,Leading Party Group
Dong Baohua,,Deputy Director,State Education Commission,General Office
Dong Baohua,,Secretary,General Office of the State Council
Dong Baohua,,Deputy Division Head,State Commission for Restructuring the Economy,General Office,Secretariat
Dong Baohua,1985,Joined,CPC
Dong Daohua,1998-,Member,Ministry of Land and Resources,CPC,Leading Party Group
Dong Daohua,1994-,Group Leader,Ministry of Land and Resources,CPC,Party Committee,Commission for Discipline Inspection
Dong Daohua,1988-????,Director,Ministry of Land and Resources,Supervision Bureau
Dong Fureng,1993-1998,Deputy,NPC
Dong Fureng,1989-,Honorary Director,Chinese Academy of Social Sciences,Institute of Economics
Dong Fureng,1985-1988,Director,Chinese Academy of Social Sciences,Institute of Economics
Dong Fureng,1982-1985,Deputy Director,Chinese Academy of Social Sciences,Graduate School
Dong Fureng,1979-????,Professor,Beijing University,Beijing Municipality
Dong Fureng,1979-????,Professor,Wuhan University,Hubei Province,Wuhan City
Dong Fureng,1979-????,Professor,Renmin University of China,Beijing Municipality
Dong Fureng,1979-,Researcher,Chinese Academy of Social Sciences
Dong Fureng,1959-1976,Associate Researcher,Chinese Academy of Social Sciences,Institute of Economics
Dong Fureng,1957-1958,Instructor,Wuhan University,Economics Department,Hubei Province,Wuhan City
Dong Fureng,1950-1952,Teaching Assistant,Wuhan University,Economics Department,Hubei Province,Wuhan City
Dong Fureng,1950,Graduate,Wuhan University,Economics Department,Hubei Province,Wuhan City
Dong Guishan,2008-,Deputy Commander,PLA,Regions,Chengdu Military Region,Sichuan Province,Chengdu City
Dong Guishan,2007-2012,Member,CPC,Central Committee
Dong Guishan,2006-,Lieutenant General,PLA
Dong Guishan,2004-2008,Member,CPC,Autonomous Regional Committee,Standing Committee,Tibet Autonomous Region
Dong Guishan,2004-2008,Comander,PLA,Regions,Tibet Military District
Dong Guishan,1998-2004,Director,PLA,Regions,Chengdu Military Region,Equipment Department
Dong Guishan,1991-1998,Deputy Commander,PLA,Regions,Tibet Military District,Tibet Autonomous Region
Dong Guishan,1988-1991,Deputy Chief-of-Staff,PLA,Regions,Tibet Military District,Tibet Autonomous Region
Dong Guishan,1986-1988,Deputy Commander,PLA,Regions,Tibet Military District,Xigaze Military Sub-District,Tibet Autonomous Region
Dong Guishan,1983-1986,Chief-of-Staff,PLA,Regions,Tibet Military District,Xigaze Military Sub-District,Tibet Autonomous Region
Dong Guishan,1982-1983,Deputy Director,PLA,Regions,Tibet Military District,Training Department,Tibet Autonomous Region
Dong Guishan,1966,Joined,CPC
Dong Hao,2000-,Chief,Provincial Education Department,Heilongjiang Province
Dong Hao,2000-,Secretary,CPC,Provincial Committee,Work Committee,Heilongjiang Province
Dong Hao,2000-,Deputy Director,Provincial People's Congress,Standing Committee,Heilongjiang Province
Dong Hao,1999-2000,Deputy Secretary,CPC,Provincial Committee,Work Committee,Heilongjiang Province
Dong Hao,1993-1999,Deputy Secretary,CPC,Provincial Committee,Heilongjiang Province
Dong Hao,1987-2000,Deputy Director,State Education Commission,Heilongjiang Province
Dong Hao,1984-1987,Vice-President,Harbin Institute of Technology,Shipping Project,Heilongjiang Province,Harbin City
Dong Hao,1982-1984,Research Chief,Harbin Institute of Technology,Shipping Project,Heilongjiang Province,Harbin City
Dong Hao,1980-1982,Visiting Scholar,Stanford University,USA,California,Stanford
Dong Houde,,Vice-President,Liaoning University,Liaoning Province
Dong Houde,,Director,Liaoning University,Institute of Ecological Environments,Liaoning Province
Dong Houde,,Professor,Liaoning University,Liaoning Province
Dong Houde,1955,Graduate,Northeast Normal University,Jilin Province
Dong Hua,2015-,Vice-Governor,People's Government,Yunnan Province
Dong Jichang,1987-1992,Member,CPC,Central Committee
Dong Jichang,1982-1987,Alternate Member,CPC,Central Committee
Dong Junshu,2008-,Secretary,CPC,Municipal Committee,Commission for Discipline Inspection,Shanghai Municipality
Dong Junshu,2008-,Member,CPC,Municipal Committee,Standing Committee,Shanghai Municipality
Dong Junshu,2006-2008,Secretary,CPC,Provincial Committee,Commission for Discipline Inspection,Jiangxi Province
Dong Junshu,2001-2006,Director,CPC,Provincial Committee,Organization Department,Jiangxi Province
Dong Junshu,2001-2008,Member,CPC,Provincial Committee,Standing Committee,Jiangxi Province
Dong Junshu,1998-1998,Mayor,People's Government,Zhejiang Province,Shaoxing City
Dong Junshu,1997-1998,Acting Mayor,People's Government,Zhejiang Province,Shaoxing City
Dong Junshu,1997-1998,Deputy Secretary,CPC,Municipal Committee,Zhejiang Province,Shaoxing City
Dong Junshu,1997-2997,Vice-Mayor,People's Government,Zhejiang Province,Shaoxing City
Dong Junshu,1997-1998,Member,CPC,City Committee,Standing Committee,Zhejiang Province,Shaoxing City
Dong Junshu,1981,Joined,CPC
Dong Li,2012-2017,Member,CPC,Central Committee,Central Commission for Discipline Inspection
Dong Li,2008-2013,Member,CPPCC,National Committee
Dong Li,2008-,Vice-Minister,Ministry of Water Resources
Dong Li,2008-,Member,Ministry of Water Resources,CPC,Leading Party Group
Dong Li,2006-2008,Vice-Chairman,All-China Federation of Trade Unions
Dong Li,2003-2008,Member,CPPCC,National Committee
Dong Li,2003-2006,Director,All-China Federation of Trade Unions,Audit Committee
Dong Li,1999-2008,Member,All-China Federation of Trade Unions,CPC,Leading Party Group
Dong Li,1998-2008,Member,All-China Federation of Trade Unions,Secretariat
Dong Li,1997-1998,Director,All-China Federation of Trade Unions,General Office
Dong Li,1995-1997,Deputy Director,All-China Federation of Trade Unions,General Office
Dong Minghui,1973-1977,Member,CPC,Central Committee
Dong Minghui,1969-1973,Member,CPC,Central Committee
Dong Mingjun,2011-,Vice-Chairman,Autonomous Region People's Government,Tibet Autonomous Region
Dong Qiwu,1983-1988,Vice-Chairman,CPPCC,National Committee
Dong Shenbao,,Editor-in-Chief,Geographic Map of China
Dong Shenbao,1980-,Academician,Chinese Academy of Sciences
Dong Shenbao,,Professor,Beijing University,Beijing Municipality
Dong Shenbao,1944,Graduate,Beijing University,Beijing Municipality
Dong Shenbao,1940,Graduate,Beijing University,Geology and Geography Department,Beijing Municipality
Dong Shilin,1997-,Academician,Chinese Academy of Engineering
Dong Shilin,,Professor,Jiaotong University,Civil Engineering College,Shanghai Municipality
Dong Shilin,1955,Graduate,Tongji University
Dong Shilin,1951-????,Student,Jiaotong University,Beijing Municipality
Dong Wancai,2007-2012,Alternate Member,CPC,Central Committee
Dong Wancai,2005-,Lieutenant General,PLA
Dong Wancai,2003-,Director,PLA,Regions,Beijing Military Region,Political Department,Beijing Municipality
Dong Wancai,2002-2007,Member,CPC,Central Committee,Central Commission for Discipline Inspection
Dong Wancai,1998-2003,Director,PLA,General Armaments Department,Political Department
Dong Wen,,Professor,Shenyang Teachers' College,Calligraphy Arts Research Institute,Liaoning Province,Shenyang City
Dong Wen,,President,Shenyang Teachers' College,Calligraphy Arts Research Institute,Liaoning Province,Shenyang City
Dong Wen,,Chairman,Shenyang Calligraphers Association,Liaoning Province,Shenyang City
Dong Wen,,Director,Chinese Calligraphers Association
Dong Wen,,Joined,Revolutionary Committee of Chinese Kuomintang (RCCK)
Dong Wenbiao,,President,China Minsheng Bank
Dong Wenbiao,2000-,General Manager,China Minsheng Bank
Dong Wenbiao,1996-2000,Vice-President,China Minsheng Bank
Dong Wenbiao,,Manager,People's Construction Bank of China,Zhengzhou Branch,Henan Province,Zhengzhou City
Dong Yinchu,1997-2009,Honorary Chairman,China Zhi Gong Party (Public Interest Party),Central Committee
Dong Yinchu,1993-1998,Vice-Chairman,CPPCC,National Committee
Dong Yinchu,1988-1993,Member,Standing Committee of the NPC
Dong Yinchu,1983-1988,Member,CPPCC,National Committee
Dong Yinchu,1978-1983,Member,CPPCC,National Committee
Dong Yinchu,,Chairman,China Zhi Gong Party (Public Interest Party),Central Committee
Dong Yinchu,1949-????,Vice-President,Shanghai Federation of Returned Overseas Chinese
Dong Yinchu,1949-????,Deputy General Manager,Shanghai Foreign Trade State-Private Joint Corporation
Dong Yinchu,1939-????,Editor,Tian Sheng Daily,Indonesia
Dong Yinchu,1939-????,Manager,Tian Sheng Daily,Indonesia
Dong Yinchu,1938,Graduate,Jiaotong University,Shanghai Municipality
Dong Yunhu,2009-2012,Deputy Director,Information Office of the State Council
Dong Yunhu,2009-,Deputy Director,CPC,Central Committee,International Communication Office
Dong Yunhu,1997-2009,Director,Information Office of the State Council,7th Department
Dong Yunhu,1997-2009,Vice-President,China Society for Human Rights Studies
Dong Yunhu,1997-2009,Secretary-General,China Society for Human Rights Studies
Dong Yunhu,1986-1997,Director,CPC,Central Committee,Central Party School,Human Rights Research Bureau
Dong Yunhu,1986-1997,Deputy Director,Chinese Academy of Social Sciences,Institute of Marxism-Leninism-Mao Zedong Thought
Dong Yunmei,1993-,Academician,Chinese Academy of Sciences
Dong Yunmei,,Researcher,Chinese Academy of Sciences,Software Research Institute
Dong Yunmei,1956,Graduate,Jilin University,Mathematics Department,Jilin Province
Dong Zhanlin,1987-1992,Alternate Member,CPC,Central Committee
Dong Zhanlin,1982-1987,Alternate Member,CPC,Central Committee
Dorji ,2011-,Vice-Chairman,Autonomous Regional People's Congress,Tibet Autonomous Region
Dorji ,2009-,Deputy Director,Bureau of Land and Resources,Tibet Autonomous Region
Dorji ,2009-,Secretary,Bureau of Land and Resources,CPC,Leading Party Group,Tibet Autonomous Region
Dorji ,2007-2012,Alternate Member,CPC,Central Committee
Dorji ,2007-2012,Delegate,CPC,National Congress
Dorji ,2006-2009,Secretary,CPC,Autonomous Regional Committee,Tibet Autonomous Region
Dorji ,2003-2008,Deputy,NPC
Dorji ,2001-,Research Fellow,Chinese Academy of Engineering
Dou Yupei,2006-2016,Member,Ministry of Civil Affairs,CPC,Leading Party Group
Dou Yupei,2006-2016,Vice-Minister,Ministry of Civil Affairs
Dou Yupei,1978-1982,Student,Nankai University,Tianjin Municipality
Du Benjie,1998-2003,Member,CPPCC,National Committee,Standing Committee
Du Benjie,,Professor,Hebei Medical College No. 2 Hospital,Hebei Province
Du Benjie,,Chairman,China Democratic League,Provincial Committee,Hebei Province
Du Benjie,,President,Chinese Microcirculation Society
Du Benjie,1993-1998,Member,CPPCC,National Committee,Standing Committee
Du Benjie,1993-,Vice-Chairman,CPPCC,Provincial Committee,Hebei Province
Du Benjie,1993-????,Member,Chinese Medical Association,Standing Committee
Du Benjie,1988-1993,Member,CPPCC,National Committee
Du Benjie,1983-1993,Vice-Chairman,Provincial People's Congress,Standing Committee,Hebei Province
Du Benjie,1983-1988,Member,CPPCC,National Committee
Du Benjie,1978-1983,Member,CPPCC,National Committee
Du Benjie,,Vice-President,Hebei Medical College No. 2 Hospital,Hebei Province
Du Benjie,,Deputy Director,Hebei Provincial Research Institute of Cardiopathy,Hebei Province
Du Benjie,1956-1983,Associate Professor,Hebei Medical College No. 2 Hospital,Medical Department,Hebei Province
Du Benjie,1956-1983,Director,Hebei Medical College No. 2 Hospital,Medical Department,Hebei Province
Du Benjie,1956-1983,Deputy Director,Hebei Medical College No. 2 Hospital,Medical Department,Hebei Province
Du Benjie,1955,Joined,China Democratic League
Du Benjie,1952,Graduate,Hebei Medical University,Medical College,Hebei Province
Du Deyin,2017-,Vice-Chairman,Ethnic Affairs Committee of the NPC
Du Deyin,2008-2013,Deputy,NPC
Du Deyin,2007-2017,Head,CPC,Municipal Committee,Party School,Beijing Municipality
Du Deyin,2007-2017,Chairman,Municipal People's Congress,Beijing Municipality
Du Deyin,2003-2008,Deputy,NPC
Du Deyin,2002-2007,Alternate Member,CPC,Central Committee
Du Deyin,2002-2017,Deputy Secretary,CPC,Municipal Committee,Beijing Municipality
Du Deyin,1997-2017,Member,CPC,Municipal Committee,Standing Committee,Beijing Municipality
Du Deyin,1997-2002,Secretary-General,CPC,Municipal Committee,Beijing Municipality
Du Deyin,,Secretary,People's Government,Work Committee of Organs,Beijing Municipality
Du Deyin,,Director,CPC,Municipal Committee,General Office,Beijing Municipality
Du Deyin,,Executive Deputy Secretary-General,CPC,Municipal Committee,Beijing Municipality
Du Deyin,1995-1997,Postgraduate Student,People's University of China,Beijing Municipality
Du Deyin,,President,CPC,Municipal Committee,Party School,Beijing Municipality
Du Deyin,1994-1997,Secretary,CPC,Municipal Committee,Rural Work Committee,Beijing Municipality
Du Deyin,1989-1994,Deputy Secretary,CPC,Municipal Committee,Rural Work Committee,Beijing Municipality
Du Deyin,1985-1989,Secretary,CPC,County Committee,Beijing,Yanqing County
Du Deyin,1983-1985,Secretary,CPC,Municipal Committee,General Office,Beijing Municipality
Du Deyin,,Deputy Secretary,Xiji Commune,CPC,Party Committee,Beijing Municipality,Tongxian County
Du Deyin,1978-1983,Staff Member,CPC,Municipal Committee,Rural Work Committee,Beijing Municipality
Du Deyin,,Farmer,Xiji Commune,Dudian Brigade,Beijing Municipality,Tongxian County
Du Deyin,1974,Joined,CPC
Du Deyin,1973-1978,Deputy Secretary,Xiji Commune,CYLC,Institutional Level,Beijing Municipality,Tongxian County
Du Deyin,1972-1973,Staff Member,Xiji Commune,Political Group,Beijing Municipality,Tongxian County
Du Guosheng,2010-,Deputy Chief Executive Officer,SINOCHEM (China National Chemicals Import & Export Company)
Du Guosheng,2007-,Secretary,SINOCHEM (China National Chemicals Import & Export Company),CPC,Party Committee
Du Guosheng,2007-,Deputy General Manager,SINOCHEM (China National Chemicals Import & Export Company)
Du Guosheng,2005-2007,Assistant General Manager,SINOCHEM (China National Chemicals Import & Export Company)
Du Guosheng,2005-2007,General Manager,SINOCHEM,Qingdao Refining Corporation
Du Guosheng,2005-2007,Chairman,SINOCHEM,Qingdao Refining Corporation,Board of the Directors
Du Guosheng,1994,Graduate,Tongji University,Shanghai Municipality
Du Guosheng,1978-1982,Student,Fushun Petroleum Institute,Liaoning Province,Fushun City
Du Hengyan,2012-2017,Member,CPC,Central Committee
Du Jiahao,2017-,Director,Provincial People's Congress,Standing Committee,Hunan Province
Du Jiahao,2016-,Secretary,CPC,Provincial Committee,Hunan Province
Du Jiahao,2013-2016,Governor,People's Government,Hunan Province
Du Jiahao,2013-2016,Deputy Secretary,CPC,Provincial Committee,Hunan Province
Du Jiahao,2013-2013,Acting Governor,People's Government,Hunan Province
Du Jiahao,2012-2017,Alternate Member,CPC,Central Committee
Du Jiahao,2011-2013,Deputy Secretary,CPC,Provincial Committee,Heilongjiang Province
Du Jiahao,2007-2011,Deputy Secretary,People's Government,CPC,Leading Party Group,Heilongjiang Province
Du Jiahao,2007-2013,Member,CPC,Provincial Committee,Standing Committee,Heilongjiang Province
Du Jiahao,2007-2011,Vice-Governor,People's Government,Heilongjiang Province
Du Jiahao,2004-2007,Secretary,CPC,District Committee,Shanghai,Pudong New District
Du Jiahao,2004-2007,Member,CPC,Municipal Committee,Standing Committee,Shanghai Municipality
Du Jiahao,2003-2004,Deputy Secretary-General,CPC,Municipal Committee,Shanghai Municipality
Du Jiahao,1999-2003,Secretary,CPC,District Committee,Shanghai,Yangpu District
Du Jiahao,1993-1999,Secretary,CPC,County Committee,Shanghai Municipality,Songjiang
Du Jiahao,1992-1993,Deputy Secretary,CPC,County Committee,Shanghai Municipality,Songjiang
Du Jiahao,1990-1992,Member,Farm Bureau,CPC,Party Committee,Shanghai Municipality
Du Jiahao,1985-1990,Chairman,Farm Bureau,Trade Union,Shanghai Municipality
Du Jiahao,1978-1985,Secretary,Farm Bureau,CYLC,Institutional Level,Shanghai Municipality
Du Jiahao,1978-1985,Deputy Secretary,Farm Bureau,CYLC,Institutional Level,Shanghai Municipality
Du Jiang,2007-,Deputy Director,National Tourism Administration
Du Jiang,2006-2007,Director,Tourism Bureau,Beijing Municipality
Du Jiang,2006-2007,Deputy Secretary,Tourism Bureau,CPC,Leading Party Group,Beijing Municipality
Du Jiang,1999-2006,Dean,Beijing International Studies University,Beijing Municipality
Du Jiang,1998-1999,Deputy Dean,Beijing International Studies University,Beijing Municipality
Du Jiang,1991-1998,Deputy Dean,Nankai University,International Business School,Tianjin Municipality
Du Jiang,1991-1998,Director,Nankai University,Tourism Studies Department,Tianjin Municipality
Du Jiang,1985-1991,Teacher,Nankai University,Tourism Studies Department,Tianjin Municipality
Du Jiang,1979-1983,Student,Nankai University,Tianjin Municipality
Du Jincai,2012-2017,Member,CPC,Central Committee
Du Jincai,2012-2017,Deputy Secretary,CPC,Central Committee,Central Commission for Discipline Inspection
Du Jincai,2012-2017,Member,CPC,Central Committee,Central Commission for Discipline Inspection,Standing Committee
Du Jincai,2012-2017,Member,CPC,Central Committee,Central Commission for Discipline Inspection
Du Jincai,2012-,General,PLA
Du Jincai,2012-,Secretary,CPC,Central Committee,Central Military Commission,Commission for Discipline Inspection
Du Jincai,2009-,Deputy Director,PLA,General Political Department
Du Jincai,2008-2012,Lieutenant General,PLA
Du Jincai,2007-2012,Delegate,CPC,National Congress
Du Jincai,2007-2009,Assistant Director,PLA,General Political Department
Du Jincai,2006-2007,Director,PLA,Regions,Chengdu Military Region,Political Department
Du Jincai,2005-2006,Political Commissar,PLA,Services and Arms,Army (or Ground Force),21st Army
Du Jincai,2002-2005,Deputy Director,PLA,Regions,Lanzhou Military Region,Political Department
Du Jincai,1998-2008,Major General,PLA
Du Jincai,1970,Joined,PLA
Du Jinfu,2012-2017,Member,CPC,Central Committee,Central Commission for Discipline Inspection
Du Jinfu,2010-,Vice-Governor,People's Bank of China
Du Jinfu,2006-2010,Assistant Governor,People's Bank of China
Du Jinfu,2006-,Member,People's Bank of China,CPC,Party Committee
Du Jinfu,2003-2006,Director,People's Bank of China,Human Resources Department
Du Jinfu,2003-2006,Head,People's Bank of China,CPC,Party Committee,Organization Department
Du Jinfu,1999-2003,Director,People's Bank of China,Statistics Department
Du Jinfu,1992-1999,Vice-Governor,People's Bank of China,Provincial Branch,Inner Mongolia Autonomous Region
Du Jinfu,1992-1999,Member,People's Bank of China,Provincial Branch,CPC,Leading Party Group,Inner Mongolia Autonomous Region
Du Jinfu,1978-1982,Student,Northeast University of Finance and Economics
Du Ping,1977-1982,Alternate Member,CPC,Central Committee
Du Ping,1973-1977,Member,CPC,Central Committee
Du Ping,1969-1973,Member,CPC,Central Committee
Du Qinglin,2014-,Chairman,China Economic and Social Council
Du Qinglin,2013-,Vice-Chairman,CPPCC,National Committee
Du Qinglin,2012-2017,Member,CPC,Central Committee,Politburo,Secretariat
Du Qinglin,2012-2017,Member,CPC,Central Committee
Du Qinglin,2008-2013,Vice-Chairman,CPPCC,National Committee
Du Qinglin,2008-,Vice-President,China Council for the Promotion of Peaceful Reunification
Du Qinglin,2008-2013,Member,CPPCC,National Committee,CPC,Leading Party Group
Du Qinglin,2007-2007,Director,Provincial People's Congress,Standing Committee,Sichuan Province
Du Qinglin,2007-2012,Head,CPC,Central Committee,United Front Work Department
Du Qinglin,2007-2012,Member,CPC,Central Committee
Du Qinglin,2006-2007,Secretary,CPC,Provincial Committee,Sichuan Province
Du Qinglin,2002-2007,Member,CPC,Central Committee
Du Qinglin,2001-2006,Minister,Ministry of Agriculture
Du Qinglin,2001-2006,Secretary,Ministry of Agriculture,CPC,Leading Party Group
Du Qinglin,1998-2001,Secretary,CPC,Provincial Committee,Hainan Province
Du Qinglin,1997-2002,Member,CPC,Central Committee
Du Qinglin,1993-2001,Chairman,Provincial People's Congress,Standing Committee,Hainan Province
Du Qinglin,1992-1998,Deputy Secretary,CPC,Provincial Committee,Hainan Province
Du Qinglin,1992-1998,Member,CPC,Provincial Committee,Standing Committee,Hainan Province
Du Qinglin,1992-1997,Alternate Member,CPC,Central Committee
Du Qinglin,1988-1992,Took correspondence courses,Jilin University,Law Department
Du Qinglin,1988-1992,Secretary,CPC,Provincial Committee,Politics and Law Committee,Jilin Province
Du Qinglin,1988-1992,Deputy Secretary,CPC,Provincial Committee,Jilin Province
Du Qinglin,1985-1988,Head,CPC,Provincial Committee,Organization Department,Jilin Province
Du Qinglin,1985-1988,Member,CPC,Provincial Committee,Standing Committee,Jilin Province
Du Qinglin,1984,Graduated from correspondence course,Northeast China Teachers' University,Political Education Department
Du Qinglin,1984-1985,Deputy Secretary,CPC,City Committee,Jilin Province,Changchun City
Du Qinglin,1979-1984,Deputy Secretary,CYLC,Provincial-Level,Jilin Province
Du Qinglin,1979-1984,Secretary,CYLC,Provincial-Level,Jilin Province
Du Qinglin,1978-1979,Secretary,CYLC,City-Level,Jilin Province,Jilin City
Du Qinglin,1974-1978,Deputy Chairman,No. 1 Automobile Works,Cultural Revolution,Revolutionary Committee
Du Qinglin,1974-1978,Vice-Director,No. 1 Automobile Works
Du Qinglin,1974-1978,Deputy Secretary,No. 1 Automobile Works,CPC,Party Branch
Du Qinglin,1968-1974,Secretary,No. 1 Automobile Works,CYLC,Institutional Level
Du Qinglin,1968-1974,Head,No. 1 Automobile Works,Workshop
Du Qinglin,1968-1974,Secretary,No. 1 Automobile Works,CPC,Party Branch
Du Qinglin,1967-1968,Clerical Worker,CPC,City Committee,Publicity Department,Jilin Province,Jilin City
Du Qinglin,1966,Joined,CPC
Du Qinglin,1964-1966,Member and Deputy Group Leader,CPC,County Committee,Socialist Education Work Team,Jilin Province,Shulan County
Du Qinglin,1964-1966,Member and Deputy Group Leader,CPC,County Committee,Socialist Education Work Team,Jilin Province,Yongji County
Du Qinglin,1964-1966,Member and Deputy Group Leader,CPC,County Committee,Socialist Education Work Team,Jilin Province,Liuhe County
Du Shicheng,2002-2007,Alternate Member,CPC,Central Committee
Du Shicheng,2002-2003,Member,CPC,Provincial Committee,Standing Committee,Shandong Province
Du Shicheng,2001-2003,Mayor,People's Government,Shandong Province,Qingdao City
Du Shicheng,2001-2003,Secretary,CPC,City Committee,Shandong Province,Qingdao City
Du Shicheng,2000-2001,Vice-Mayor,People's Government,Shandong Province,Qingdao City
Du Shicheng,2000-2001,Deputy Secretary,CPC,City Committee,Shandong Province,Qingdao City
Du Shicheng,1995-2002,Vice-Governor,People's Government,Shandong Province
Du Shicheng,1989-1992,Mayor,People's Government,Shandong Province,Yantai City
Du Shicheng,1989-1995,Secretary,CPC,City Committee,Shandong Province,Yantai City
Du Shicheng,1987-1989,Deputy Secretary,CPC,City Committee,Shandong Province,Yantai City
Du Shicheng,1987-1989,Vice-Mayor,People's Government,Shandong Province,Yantai City
Du Shicheng,1982-1985,Secretary,CPC,County Committee,Shandong Province,Huangxian County
Du Shicheng,1980-1982,Vice-Mayor,People's Government,Shandong Province,Huangxian County
Du Shicheng,1976-1982,Deputy Secretary,CPC,County Committee,Shandong Province,Huangxian County
Du Shicheng,1974-1976,Member,CPC,County Committee,Standing Committee,Shandong Province,Huangxian County
Du Shicheng,1973-1974,Worker,CPC,County Committee,Organization Department,Shandong Province,Huangxian County
Du Shicheng,1972-1973,Secretary,CYLC,County-Level,Shandong Province,Huangxian County
Du Shicheng,1971-1972,Student,Cultural Revolution,May 7th Cadre School
Du Shicheng,1970-1971,Teacher,Da Chenjia Commune,Shandong Province,Huangxian County
Du Tiehuan,2000-,General,PLA
Du Tiehuan,1997-2000,Lieutenant General,PLA
Du Tiehuan,1997-2002,Member,CPC,Central Committee
Du Tiehuan,1996-1997,Political Commissar,PLA,Regions,Beijing Military Region
Du Tiehuan,1994-1996,Political Commissar,PLA,Regions,Jinan Military Region,Shandong Province,Jinan City
Du Tiehuan,1993-1994,Deputy Director,PLA,General Political Department
Du Tiehuan,1992-1993,Assistant to the Director,PLA,General Political Department
Du Tiehuan,1988-1997,Major General,PLA
Du Tiehuan,1985-1992,Deputy Political Commissar,PLA,Services and Arms,Group Army
Du Tiehuan,1984,Graduate,Political Academy of the Chinese PLA
Du Tiehuan,1959,Joined,CPC
Du Tiehuan,1958-1959,Solider,PLA,Services and Arms,Army (or Ground Force)
Du Tiehuan,1955,Joined,PLA
Du Xia,,Chairman,Tianjin Home World Group,Tianjin Municipality
Du Xia,,Graduate,Nanjing University,Jiangsu Province,Nanjing City
Du Xuefang,2007-2012,Member,CPC,Central Committee,Central Commission for Discipline Inspection
Du Xuefang,2002-2007,Alternate Member,CPC,Central Committee
Du Xuefang,1997-2001,Member,CPC,Provincial Committee,Standing Committee,Jilin Province
Du Xuefang,1997-2001,Director,CPC,Provincial Committee,Organization Department,Jilin Province
Du Xuefang,1991-1996,Director,Jilin Provincial Women's Federation
Du Xuefang,1991-1997,Deputy Director,CPC,Provincial Committee,Organization Department,Jilin Province
Du Xuefang,1986-1991,Deputy Secretary,CPC,City Committee,Jilin Province,Changchun City
Du Xuefang,1984-1986,Deputy Director,CPC,Provincial Committee,Organization Department,Jilin Province
Du Xuefang,1979-1984,Vice-Chairman,CYLC,Provincial-Level,Jilin Province
Du Xuefang,1975-1979,Deputy Director,CPC,County Committee,Jilin Province,Daan County
Du Xuefang,1973-1974,Deputy Director,Jilin Provincial Women's Federation,Jilin Province,Baicheng Prefecture
Du Xuefang,1972-1973,Deputy Secretary,CYLC,County-Level,Jilin Province,Zhenlai County
Du Xueran,1977-1982,Alternate Member,CPC,Central Committee
Du Yide,1977-1982,Member,CPC,Central Committee
Du Yijin,1998-2003,Vice-Chairman,CPPCC,National Committee,Subcommittee of Overseas Chinese
Du Yijin,1998-2003,Member,CPPCC,National Committee,Subcommittee of Overseas Chinese
Du Yijin,1998-,Vice-Chairman,CPPCC,Municipal Committee,Beijing Municipality
Du Yijin,1997-????,Vice-Chairman,China Zhi Gong Party (Public Interest Party),Municipal Committee,Beijing Municipality
Du Yijin,1997-,Vice-Chairman,China Zhi Gong Party (Public Interest Party),Central Committee
Du Yijin,1996-????,Vice-Chairman,China Zhi Gong Party (Public Interest Party),Central Committee
Du Yijin,1996,Joined,China Zhi Gong Party (Public Interest Party)
Du Yijin,1990-????,President,Family Planning Association
Du Yijin,1988-1997,Vice-Governor,People's Government,Anhui Province
Du Yijin,,Professor,Anhui University,Anhui Province
Du Yijin,,President,Anhui Teachers' University,Anhui Province
Du Yijin,,Chief,Anhui Teachers' University,Theoretical Physics Teaching and Research Department,Anhui Province
Du Yijin,,Professor,Anhui Teachers' University,Theoretical Physics Teaching and Research Department,Anhui Province
Du Yijin,,Associate Professor,Anhui Teachers' University,Theoretical Physics Teaching and Research Department,Anhui Province
Du Yijin,,Lecturer,South Anhui (Wannan) University,Anhui Province
Du Yijin,1958-????,Postgraduate Student,Beijing Normal University,Physics Department,Beijing Municipality
Du Yili,2006-2015,Deputy Director,National Tourism Administration
Du Yili,2005-2005,Deputy Secretary,CPC,City Committee,Sichuan Province,Langzhong City
Du Yili,2005-2006,Vice-Mayor,People's Government,Sichuan Province,Nanchong City
Du Yuanquan,2014-,Chairman,State-Owned Assets Supervision and Administration Commission,State-Owned Key Major Industry Supervision Council
Du Yubo,2010-,Vice-Minister,Ministry of Education
Du Yubo,2010-,Deputy Secretary,Ministry of Education,CPC,Leading Party Group
Du Yubo,2002-,Secretary,Beihang University (BUAA),CPC,Party Committee,Beijing Municipality
Du Yubo,2001-2002,Executive Deputy Secretary,Beijing Institute of Technology,CPC,Party Committee,Beijing Municipality
Du Yubo,1996-2001,Vice-President,Beijing Institute of Technology,Beijing Municipality
Du Yubo,1993-2001,Deputy Secretary,Beijing Institute of Technology,CPC,Party Committee,Beijing Municipality
Du Yubo,1993-1996,Student,CPC,Central Committee,Central Party School
Du Yubo,1989-1993,Member,Beijing Institute of Technology,CPC,Party Committee,Standing Committee,Beijing Municipality
Du Yubo,1989-1993,Director,Beijing Institute of Technology,CPC,Party Committee,Organization Department,Beijing Municipality
Du Yubo,1985-1996,Member,Beijing Institute of Technology,CPC,Party Committee,Beijing Municipality
Du Yubo,1985-1993,Secretary,Beijing Institute of Technology,Mechanical Engineering Department,CPC,Party Committee,Beijing Municipality
Du Yubo,1983-1985,Secretary,Beijing University of Technology,CYLC,Institutional Level,Beijing Municipality
Du Yubo,1983-1985,Deputy Director,Beijing University of Technology,CPC,Party Committee,Student Work Department,Beijing Municipality
Du Yubo,1983-1985,Member,Beijing University of Technology,CPC,Party Committee,Beijing Municipality
Du Yubo,1978-1983,Instructor,Beijing University of Technology,Aviation Engineering Department,Beijing Municipality
Du Yubo,1975-1978,Student,Beijing University of Technology,Optics Engineering Department,Beijing Municipality
Du Yuxin,2011-,Chairman,CPPCC,Provincial Committee,Heilongjiang Province
Du Yuxin,2009-,Deputy Secretary,CPC,Provincial Committee,Heilongjiang Province
Du Yuxin,2007-2012,Alternate Member,CPC,Central Committee
Du Yuxin,2003-2009,Secretary,CPC,City Committee,Heilongjiang Province,Harbin City
Du Yuxin,2002-2005,Secretary,CPC,Provincial Committee,Politics and Law Committee,Heilongjiang Province
Du Yuxin,2002-2007,Alternate Member,CPC,Central Committee
Du Yuxin,1999-,Member,CPC,Provincial Committee,Standing Committee,Heilongjiang Province
Du Yuxin,1997-2002,Alternate Member,CPC,Central Committee
Du Yuxin,1995-1999,Secretary,CPC,County Committee,Heilongjiang Province,Daxinganling County
Du Yuxin,1991-1995,Deputy Director,Agricultural Committee,Heilongjiang Province
Du Yuxin,1989-1991,Director,Agricultural Committee,Comprehensive Department,Heilongjiang Province
Du Yuxin,1987-1989,Director,CPC,Provincial Committee,Business Develop Department,Heilongjiang Province
Du Yuxin,1986-1987,Deputy Secretary,CPC,County Committee,Heilongjiang Province,Shangzhi County
Du Yuxin,1984-1986,Deputy Director,CPC,Provincial Committee,Peasants and Farmers Department,Heilongjiang Province
Du Yuxin,1981-1984,Director,Provincial Agricultural Office,Management Department,Heilongjiang Province
Du Yuxin,1976,Joined,CPC
Du Yuxin,1973-1976,Student,Heilongjiang University,Heilongjiang Province,Harbin City
Du Zhanyuan,2010-,Vice-Minister,Ministry of Education
Du Zhanyuan,2010-,Member,Ministry of Education,CPC,Leading Party Group
Du Zhanyuan,2008-2010,Member,Ministry of Science and Technology,CPC,Leading Party Group
Du Zhanyuan,2008-2010,Vice-Minister,Ministry of Science and Technology
Du Zhanyuan,2006-2008,Director,Ministry of Science and Technology,Rural Technology Department
Du Zhanyuan,2003-2004,Student,CPC,Central Committee,Central Party School
Du Zhanyuan,2001-2006,Director,Ministry of Science and Technology,Development Planning Department
Du Zhanyuan,2000-2001,Deputy Director,Ministry of Science and Technology,Development Planning Department
Du Zhanyuan,1998-2000,Director,Ministry of Science and Technology,Development Planning Department,Planning and Coordination Division
Du Zhanyuan,1997-1998,Director,State Science and Technology Commission,Comprehensive Planning Department
Du Zhanyuan,1994-1997,Deputy Director,State Science and Technology Commission,Comprehensive Planning Department
Du Zhanyuan,1993-1994,Staff Member,State Science and Technology Commission,Comprehensive Planning Department
Du Zhanyuan,1989-1993,Student,University of Massachusetts,USA,Massachusetts,Boston
Du Zhanyuan,1983-1984,Student,China Agricultural University,School of Biological Sciences,Beijing Municipality
Du Zhanyuan,1978-1982,Student,Hunan Agricultural University,Hunan Province,Changsha City
Duan Baoyan,2002-,President,Xidian University,Shaanxi Province,Xi'an City
Duan Baoyan,2000-2000,Visiting Professor,Cornell University,USA,New York,Ithaca
Duan Baoyan,1998-2002,Vice-President,Xidian University,Shaanxi Province,Xi'an City
Duan Baoyan,1996-1998,Dean,Xidian University,Electromechanical Engineering Department,Shaanxi Province,Xi'an City
Duan Baoyan,1995-1996,Assistant Dean,Xidian University,Electromechanical Engineering Department,Shaanxi Province,Xi'an City
Duan Baoyan,1995-1995,Supervisor,Xidian University,Electromechanical Engineering Department,Shaanxi Province,Xi'an City
Duan Baoyan,1993-,Professor,Xidian University,Electromechanical Engineering Department,Shaanxi Province,Xi'an City
Duan Baoyan,1991-1994,Research Fellow,Hokkaido University,Japan,Sapporo
Duan Baoyan,1991-1994,Postdoctoral Fellow,University of Liverpool,United Kingdom,Liverpool
Duan Baoyan,1990-1993,Associate Professor,Xidian University,Electromechanical Engineering Department,Shaanxi Province,Xi'an City
Duan Baoyan,1989,Graduate,Xidian University,Shaanxi Province,Xi'an City
Duan Baoyan,1986-1990,Lecturer,Xidian University,Electromechanical Engineering Department,Shaanxi Province,Xi'an City
Duan Baoyan,1986-1990,Lecturer,Xidian University,Electromechanical Engineering Department,Shaanxi Province,Xi'an City
Duan Baoyan,1984-1986,Teaching Assistant,Northwestern Communication Engineering College
Duan Chunhua,2012-2017,Alternate Member,CPC,Central Committee
Duan Chunhua,2007-,Secretary-General,CPC,Municipal Committee,Tianjin Municipality
Duan Chunhua,,Member,CPC,Municipal Committee,Tianjin Municipality
Duan Chunhua,2006-2007,Director,Agricultural Committee,Tianjin Municipality
Duan Chunhua,2001-2006,Secretary,CPC,County Committee,Tianjin Municipality,Ninghe County
Duan Chunhua,,Secretary,CYLC,Municipal-Level,Tianjin Municipality
Duan Chunhua,,Deputy Secretary,CYLC,Municipal-Level,Tianjin Municipality
Duan Chunhua,1983,Joined,CPC
Duan Dongsheng,2005-2015,Deputy Curator,CPC,Central Committee,Central Archives
Duan Dongsheng,2005-2015,Deputy Director,State Archives Administration
Duan Dongsheng,1980,Graduate,Beijing University,History Department,Beijing Municipality
Duan Huijun,2003-,Vice-Chairman,CPPCC,Provincial Committee,Hebei Province
Duan Huijun,2002-,Chairman,Chinese Peasants and Workers Democratic Party,Provincial Committee,Hebei Province
Duan Huijun,1999-2002,Vice-President,Hebei Medical University,Hebei Province,Shijiazhuang City
Duan Huijun,1997-2002,Vice-Chairman,Chinese Peasants and Workers Democratic Party,Provincial Committee,Hebei Province
Duan Huijun,1998-1999,Dean,Hebei Medical University,College of Basic Medicine,Hebei Province
Duan Huijun,1996-1997,Vice Dean,Hebei Medical University,Medical College,Hebei Province
Duan Huijun,1993-1996,Professor,Hebei Medical University,Pathology Department,Hebei Province
Duan Huijun,1993-1996,Director,Hebei Medical University,Pathology Department,Hebei Province
Duan Huijun,1987-1993,Graduate,Shinshu University,Japan,Nagano
Duan Huijun,1983-1993,Lecturer,Hebei Medical University,Hebei Province
Duan Huijun,1980-1983,Graduate Student,Hebei Medical University,Medical College,Hebei Province
Duan Junyi,1977-1982,Member,CPC,Central Committee
Duan Junyi,1973-1977,Member,CPC,Central Committee
Duan Lunyi,2012-,Political Consult,People's Government,Hubei Province
Duan Lunyi,2008-2012,Vice-Governor,People's Government,Hubei Province
Duan Lunyi,2008-2008,Vice-Chairman,CPPCC,Provincial Committee,Hubei Province
Duan Lunyi,2006-2012,Secretary-General,People's Government,Hubei Province
Duan Lunyi,2006-2008,Director,People's Government,General Office,Hubei Province
Duan Lunyi,2006-2008,Secretary,People's Government,General Office,CPC,Leading Party Group,Hubei Province
Duan Lunyi,2003-2006,Secretary,CPC,City Committee,Hubei Province,Jingzhou City
Duan Lunyi,2003-2006,Director,City People's Congress,Standing Committee,Hubei Province,Jingzhou City
Duan Lunyi,1998-2003,Vice-Mayor,People's Government,Hubei Province,Wuhan City
Duan Lunyi,1996-1998,Student,Zhongnan Institute of Finance and Economics,Hubei Province,Zhongnan
Duan Lunyi,1993-1996,Secretary,CPC,City Committee,Industry Working Committee,Hubei Province,Wuhan City
Duan Lunyi,1993-1996,Director,CPC,City Committee,Economics Committee,Hubei Province,Wuhan City
Duan Lunyi,1991-1993,Deputy Director,CPC,City Committee,Economics Committee,Hubei Province,Wuhan City
Duan Lunyi,1991-1991,Director,Bureau of Electronics Industry,Hubei Province,Wuhan City
Duan Lunyi,1973-1976,Student,Huazhong Institute of Technology,Hubei Province,Wuhan City
Duan Shijie,2004-,Vice-Minister,State General Administration of Sports
Duan Shijie,2004-,Vice-President,Chinese Olympic Committee,Beijing Municipality
Duan Shijie,2002-,President,Track and Field Association of China
Duan Shijie,2001-,Vice-President,Chinese Olympic Committee,Beijing Organizing Committee for the XXIX Olympiad,Beijing Municipality
Duan Shijie,1999-2002,Deputy Director,State General Administration of Sports
Duan Shijie,1997-1999,Director,State General Administration of Sports,Track and Field Administrative Center
Duan Shijie,1997-2002,Vice-President,Track and Field Association of China
Duan Shijie,1974,Joined,CPC
Duan Shijie,,Graduate,Beijing Institute of Physical Education,Gymnastics Depart,Beijing Municipality
Duan Tieli,2015-,Deputy Director,State Tobacco Monopoly Administration
Duan Wende,2004-,Director,PetroChina Company Ltd.
Duan Wende,2002-2004,Vice-President,China National Petroleum Corporation (CNPC)
Duan Wende,2001-2002,Assistant President,China National Petroleum Corporation (CNPC)
Duan Wende,1999-2001,Deputy Manager,Fushun Petrochemical Corporation,Liaoning Province,Fushun City
Duan Wende,1999-2003,General Manager,Fushun Petrochemical Corporation,Liaoning Province,Fushun City
Duan Wende,1975-1999,Commander,Fushun Petrochemical Corporation,Liaoning Province,Fushun City
Duan Wende,,Graduate,Nankai University,Economics Department,Tianjin Municipality
Duan Yongji,1999-,Chairman,Stone Group
Duan Yongji,1998-2003,Member,CPPCC,National Committee
Duan Yongji,1993-1998,Member,CPPCC,National Committee
Duan Yongji,1970,Graduate,Tsinghua University,Beijing Municipality
Duan Zhengkun,,Member,Ministry of Justice,CPC,Leading Party Group
Duan Zhengkun,,Vice-Minister,Ministry of Justice
Duan Zhengkun,,Secretary-General,All-China Lawyers Association
Duan Zhengkun,,Director,Ministry of Justice,Department of Lawyers
Duan Zhengkun,,Director,Ministry of Justice,General Office
